"kurtas/anouk/anouk-women-pink-printed-a-line-kurta/2323065/buy","Pink printed A-line kurta, has a round neck, three-quarter sleeves, flared hem, no slits","Cotton Machine-wash"
"kurtas/anouk/anouk-women-white--coral-pink-striped-straight-kurta/2322960/buy","White and coral pink striped straight kurta, has a round neck, three-quarter sleeves, curved hem, side slits","100% cottonHand-wash"
"kurtas/anouk/anouk-women-blue-printed-a-line-off-shoulder-kurta/2322823/buy","Blue printed A-line kurta, has a off-shoulder neck, three-quarter sleeves, straight hem, side slits","100% cottonHand-wash"
"kurtas/anouk/anouk-women-red-genda-phul-collection-chanderi-blend-kurta/2323262/buy","Red yoke design A-line kurta, has a round neck, three-quarter sleeves, flared hem, no slits","Chanderi blendMachine-wash"
"kurtas/anouk/anouk-women-green-embroidered-a-line-kurta/2135023/buy","Green embroidered A-line kurta, has a round neck, three-quarter sleeves, high-low hem, front slit","100% polyesterHand-wash"
"kurtas/anouk/anouk-women-red-printed-a-line-fusion-kurta/1926944/buy","Red printed A-line kurta, has a round neck, three-quarter sleeves, flared hem","100% cotton  Hand-wash"
"kurtas/anouk/anouk-women-navy--white-printed-a-line-kurta/1786192/buy","Navy blue and white printed A-line kurta, has a round neck, three-quarter flared sleeves, flared hem, no slits","100% cotton Hand-wash"
"kurtas/anouk/anouk-women-mustard-yellow--black-printed-a-line-kurta/2291758/buy","Mustard yellow and black printed A-line kurta, has a mandarin collar, long sleeves, straight hem, no slits","Viscose Rayon  Hand-wash"
"kurtas/anouk/anouk-women-mustard-yellow-printed-a-line-kurta/2322775/buy","Mustard yellow printed A-line kurta, has a round neck, three-quarter sleeves, straight hem, no slits","100% cottonHand-wash"
"kurtas/anouk/anouk-women-mustard-yellow--black-printed-a-line-fusion-kurta/1708252/buy","Mustard yellow and black printed A-line kurta, has a mandarin collar, a short button placket, three-quarter roll-up sleeves, straight hem","100% viscose Hand-wash"
"kurtas/anouk/anouk-women-navy-blue-woven-checked-straight-kurta/1707755/buy","Navy blue checked woven straight kurta, has a V-neck, three-quarter sleeves, straight hem, bobble trim","Rayon Machine-wash"
"kurtas/anouk/anouk-women-black--off-white-printed-a-line-kurta/2294512/buy","Black and off-white printed A-line kurta, has a round neck, three-quarter sleeves, flared hem, no slits","100% viscoseMachine-wash"
"kurtas/anouk/anouk-women-black-woven-design-a-line-kurta/2322862/buy","Black woven design A-line kurta, has a round neck, three-quarter sleeves, flared hem","100% polyesterHand-wash"
"kurtas/anouk/anouk-women-mustard-yellow--red-printed-anarkali-kurta/2294487/buy","Mustard yellow and red printed Anarkali kurta, has a keyhole neck, three-quarter sleeves, flared hem","100% cottonMachine-wash"
"kurtas/anouk/anouk-women-black--red-printed-a-line-kurta/2322812/buy","Black and red printed A-line kurta, has a keyhole neck, three-quarter sleeves, flared hem, no slits","100% cottonHand-wash"
"kurtas/anouk/anouk-women-blue-printed-a-line-kurta/2322926/buy","Blue printed A-line kurta, has a round neck, sleeveless, straight hem","100% polyesterHand-wash"
"kurtas/anouk/anouk-women-navy-printed-a-line-layered-kurta/1786263/buy","Navy blue printed A-line layered kurta, has a round neck, sleeveless, straight hem","100% cotton Hand-wash"
"kurtas/anouk/anouk-women-multicoloured-printed-a-line-fusion-kurta/2322977/buy","Multicoloured printed A-line kurta with pleated detailing, has a keyhole neck with tie-up detailing, three-quarter sleevesThis kurta can also be styled as a dress","Cotton Hand-wash"
"kurtas/anouk/anouk-women-black-solid-straight-kurta/2323184/buy","Black solid straight kurta, has a round neck, three-quarter sleeves, straight hem, side slits","Cotton  Machine-wash"
"kurtas/anouk/anouk-women-pink-printed-anarkali-kurta/2322953/buy","Pink printed anarkali kurta, has a round neck, short sleeves, curved hem, a pocket","100% cottonHand-wash"
"kurtas/anouk/anouk-women-navy-blue--pink-printed-straight-kurta/2294510/buy","Navy blue and pink printed straight kurta, has a mandarin collar, three-quarter sleeves, straight hem, multiple slits","100% viscoseMachine-wash"
"kurtas/anouk/anouk-women-yellow--off-white-printed-a-line-kurta/2323064/buy","Yellow and off-white printed A-line kurta, has a round neck, three-quarter sleeves, curved hem, no slits","100% cottonMachine-wash"
"kurtas/anouk/anouk-women-green-yoke-design-a-line-kurta/2323009/buy","Green yoke design A-line kurta, has a round neck, three-quarter sleeves, flared hem, no slits","Cotton Machine-wash"
"kurtas/anouk/anouk-women-navy-blue-woven-design-straight-kurta/2370095/buy","Navy Blue woven design straight kurta, has a round neck, three-quarter sleeves, straight hem, side slits","100% polyesterHand-wash"
"kurtas/anouk/anouk-women-black-embroidered-a-line-kurta/2135020/buy","Black embroidered A-line kurta, has a round neck, three-quarter sleeves, high-low hem, front slit","100% polyesterHand-wash"
"kurtas/anouk/anouk-women-green-jacquard-anarkali-kurta/1779351/buy","Green Anarkali kurta in Jacquard weave, has a mandarin collar, three-quarter sleeves, a short button-and-loop placket, slightly flared hemThis kurta can be styled as a dress as well","100% cotton Hand-wash"
"kurtas/anouk/anouk-women-pink-jacquard-woven-empire-line-flared-kurta/1779345/buy","Pink empire-line flared kurta in Jacquard woven design, has a mandarin collar, a short button closure, three-quarter sleeves, flared hem","100% cotton  Hand-wash"
"kurtas/anouk/anouk-women-navy-blue-printed-a-line-kurta/2323014/buy","Navy blue printed A-line kurta, has a round neck, short sleeves, flared hem","100% cottonMachine-wash"
"kurtas/anouk/anouk-women-beige--brown-printed-a-line-kurta/2322778/buy","Beige and brown printed A-line kurta, has a V-neck, three-quarter sleeves, straight hem, no slits","100% cottonHand-wash"
"kurtas/anouk/anouk-women-off-white--red-printed-a-line-kurta/2323083/buy","Off-white and red printed A-line kurta, has a round neck, three-quarter sleeves, straight hem, no slits","100% cottonHand-wash"
"kurtas/anouk/anouk-women-pink-printed-straight-kurta/2323239/buy","Pink printed straight kurta, has a mandarin collar, three-quarter flared sleeves, straight hem, side slits","100% cottonHand-wash"
"kurtas/anouk/anouk-women-red--off-white-printed-a-line-kurta/2294492/buy","Red and off-white printed A-line kurta, has a round neck, three-quarter sleeves, flared hem, front slit","100% cottonMachine-wash"
"kurtas/anouk/anouk-women-multicoloured-printed-a-line-kurta/2370025/buy","Multicoloured printed A-line kurta, has a round neck, three-quarter sleeves, flared hem","70% cotton, 30% viscoseMachine-wash"
"kurtas/anouk/anouk-women-grey--mustard-yellow-printed-a-line-kurta/2323139/buy","Grey and mustard yellow printed A-line kurta, has a round neck, three-quarter sleeves, curved hem, side slits","Cotton  Hand-wash"
"kurtas/anouk/anouk-women-white--green-printed-a-line-kurta/2135950/buy","White and green printed A-line kurta, has a mandarin collar, three-quarter sleeves, flared hem, front slit","100% cottonHand-wash"
"kurtas/anouk/anouk-women-black--grey-printed-straight-south-handloom-kurta/2294501/buy","Black and grey printed straight kurta, has a shirt collar, three-quarter sleeves, straight hem, side slits","100% cottonMachine-wash"
"kurtas/anouk/anouk-women-black-yoke-design-a-line-kurta/2323022/buy","Black yoke design A-line kurta, has a round neck, three-quarter sleeves, flared hem, no slits","Cotton  Machine-wash"
"kurtas/anouk/anouk-women-green-jacquard-anarkali-kurta/1779349/buy","Green Anarkali kurta in Jacquard weave, has a mandarin collar, three-quarter sleeves, a short button-and-loop placket, slightly flared hemThis kurta can be styled as a dress as well","100% cotton Hand-wash"
"kurtas/anouk/anouk-women-orange-striped-a-line-kurta/2322753/buy","Orange striped A-line kurta, has a off-shoulder styling, three-quarter sleeves, flared hem","100% cottonHand-wash"
"kurtas/anouk/anouk-women-blue--pink-printed-a-line-kurta/2322961/buy","Blue and pink printed A-line kurta, has a round neck, three-quarter sleeves, curved hem, side slits","Cotton  Hand-wash"
"kurtas/anouk/anouk-women-blue--white-printed-anarkali-kurta/2323220/buy","Blue and white printed anarkali kurta, has a round neck, three-quarter sleeves, flared hem, no slits","Cotton Machine-wash"
"kurtas/anouk/anouk-women-blue--green-printed-straight-kurta/2323149/buy","Blue and green printed straight kurta, has a mandarin collar, three-quarter sleeves, straight hem, side slits","100% cottonHand-wash"
"kurtas/anouk/anouk-women-navy-blue-printed-a-line-kurta/2323016/buy","Navy blue printed A-line kurta, has a round neck, short sleeves, flared hem","100% viscoseMachine-wash"
"kurtas/anouk/anouk-women-green-printed-a-line-kurta/2322773/buy","Green printed A-line kurta, has a stylised round neck, three-quarter sleeves, flared hem, no slits","100% cottonHand-wash"
"kurtas/anouk/anouk-women-multicoloured-printed-straight-kurta/2294485/buy","-","100% cottonMachine-wash"
"kurtas/anouk/anouk-women-black-solid-a-line-kurta/2370075/buy","Black solid A-line kurta, has a mandarin collar, three-quarter sleeves, flared hem, no slits","Viscose Hand-wash"
"kurtas/anouk/anouk-women-blue--red-printed-a-line-kurta/2370022/buy","Blue and red printed A-line kurta, has a round neck, three-quarter sleeves, flared hem","100% cottonMachine-wash"
"kurtas/anouk/anouk-women-blue--red-printed-straight-kurta/2323128/buy","Blue and red printed straight kurta, has a round neck, three-quarter sleeves, straight hem, side slits","100% cottonMachine-wash"
"kurtas/anouk/anouk-women-multicoloured-printed-high-low-kurta/2323107/buy","Multicoloured printed A-line kurta, has a round neck, three-quarter sleeves, high-low hem","100% viscoseMachine-wash"
"kurtas/anouk/anouk-women-mustard-yellow-printed-a-line-kurta/2370056/buy","Mustard yellow printed A-line kurta, has a round neck, three-quarter sleeves, asymmetric hem, no slits","100% viscoseHand-wash"
"kurtas/anouk/anouk-women-grey--green-printed-angrakha-anarkali-kurta/2294499/buy","Grey and green printed Anarkali kurta, has a round neck, three-quarter sleeves, flared hem, no slits","100% viscoseMachine-wash"
"kurtas/anouk/anouk-women-mustard--red-printed-a-line-kurta/2323164/buy","Mustard and red printed A-line kurta, has a mandarin collar, three-quarter sleeves, curved hem, side slits","100% cottonHand-wash"
"kurtas/anouk/anouk-women-pink--white-printed-a-line-kurta/2323156/buy","Pink and white printed A-line kurta, has a round neck, three-quarter sleeves, flared hem, no slits","Cotton  Machine-wash"
"kurtas/anouk/anouk-women-blue--white-printed-a-line-kurta/2323242/buy","Blue and white printed A-line kurta, has a round neck, three-quarter sleeves, asymmetric hem, no slits","Cotton  Hand-wash"
"kurtas/anouk/anouk-women-green-printed-a-line-kurta/2323020/buy","Green printed A-line kurta, has a keyhole neck, three-quarter sleeves, flared hem, no slits","Cotton Machine-wash"
"kurtas/anouk/anouk-women-navy-blue-printed-a-line-kurta/2323229/buy","Navy Blue printed A-line kurta, has a round neck, short sleeves, flared hem, no slits","Cotton  Machine-wash"
"kurtas/anouk/anouk-women-pink-yoke-design-a-line-kurta/2323210/buy","Pink yoke design A-line kurta, has a round neck, three-quarter sleeves, curved hem, no slits","100% cottonHand-wash"
"kurtas/anouk/anouk-women-blue-printed-a-line-kurta/2323173/buy","Blue printed A-line kurta, has a mandarin collar, three-quarter sleeves, curved hem, no slits","100% cottonMachine-wash"
"kurtas/anouk/anouk-women-mustard-yellow-printed-a-line-kurta/2322764/buy","Mustard yellow printed A-line kurta, has a round neck, three-quarter sleeves, high-low hem, no slits","100% cottonHand-wash"
"kurtas/anouk/anouk-women-orange-printed-a-line-kurta/2322982/buy","Orange printed A-line kurta, has a round neck, three-quarter sleeves, straight hem, side slits","Viscose Hand-wash"
"kurtas/anouk/anouk-women-black--gold-toned-printed-straight-kurta/2323142/buy","Black and gold-toned printed straight kurta, has a round neck, three-quarter sleeves, straight hem, side slits","Cotton  Hand-wash"
"kurtas/anouk/anouk-women-green--blue-checked-straight-kurta/2323189/buy","Green and blue checked straight kurta, has a mandarin collar, three-quarter sleeves, straight hem, multiple slits","100% polyesterHand-wash"
"kurtas/anouk/anouk-women-rust-brown-printed-a-line-kurta/2323178/buy","Rust brown printed A-line kurta, has a round neck, three-quarter sleeves, straight hem, side slits","100% cottonHand-wash"
"kurtas/anouk/anouk-women-maroon-printed-a-line-kurta/2322891/buy","Maroon printed A-line kurta, has a round neck, three-quarter sleeves, flared hem","100% polyesterMachine-wash"
"kurtas/anouk/anouk-women-coral-orange-printed-straight-kurta/2323260/buy","Coral orange printed straight kurta, has a mandarin collar, three-quarter sleeves, straight hem, side slits","Polyester  Machine-wash"
"kurtas/anouk/anouk-women-navy-blue--olive-green-printed-a-line-kurta/2294497/buy","Navy blue and olive green printed A-line kurta, has a round neck, three-quarter sleeves, flared hem","100% viscoseMachine-wash"
"kurtas/anouk/anouk-women-rust-red-yoke-design-a-line-kurta/2323029/buy","Rust red yoke design A-line kurta, has a keyhole neck, three-quarter sleeves, straight hem, side slits","100% cottonMachine-wash"
"kurtas/anouk/anouk-women-blue--grey-printed-straight-kurta/2370071/buy","Blue and grey printed straight kurta, has a round neck, three-quarter sleeves, straight hem, side slits","70% cotton, 30% viscoseHand-wash"
"kurtas/anouk/anouk-women-purple-printed-a-line-kurta/2372236/buy","Purple printed A-line kurta, has a round neck, three-quarter sleeves, curved hem, no slits","100% cottonMachine-wash"
"kurtas/anouk/anouk-women-off-white-printed-a-line-kurta/2370059/buy","Off-white printed A-line kurta, has a shirt collar, three-quarter sleeves, curved hem, multiple slits","100% cottonHand-wash"
"kurtas/anouk/anouk-women-green--blue-striped-a-line-kurta/2322754/buy","Green and blue striped A-line kurta, has a round neck, three-quarter sleeves, flared hem","100% cottonHand-wash"
"kurtas/anouk/anouk-women-red-printed-anarkali-kurta/2372235/buy","Red printed Anarkali kurta, has a round neck, three-quarter sleeves, curved hem, no slits","100% cottonMachine-wash"
"kurtas/anouk/anouk-women-mustard-yellow--brown-printed-layered-a-line-kurta/2370008/buy","Mustard yellow and brown printed A-line layered kurta, has a round neck, short sleeves, straight hem, front slit","100% viscoseHand-wash"
"kurtas/anouk/anouk-women-blue--rust-orange-printed-a-line-kurta/2322887/buy","Blue and rust orange printed A-line kurta, has a round neck, short sleeves, asymmetric hem, no slits","100% polyesterHand-wash"
"kurtas/anouk/anouk-women-grey--magenta-printed-angrakha-kurta/2370082/buy","Grey and magenta printed Angrakha kurta, has a round neck, three-quarter sleeves, straight hem, side slits","ViscoseMachine-wash"
"kurtas/anouk/anouk-women-black-embroidered-a-line-kurta/2370006/buy","Black embroidered A-line kurta, has a round neck, three-quarter sleeves, flared hem","Viscose Rayon  Hand-wash"
"kurtas/anouk/anouk-women-orange-chanderi-blend-printed-a-line-kurta/2323265/buy","Orange printed A-line kurta, has a boat neck, three-quarter sleeves, flared hem","Chanderi blendHand-wash"
"kurtas/anouk/anouk-women-blue-printed-a-line-kurta-with-embroidered-detail/2323241/buy","Blue printed A-line kurta with embroidered detail , has a round neck, three-quarter sleeves, curved hem, no slits","100% cottonHand-wash"
"kurtas/anouk/anouk-women-red--white-printed-a-line-kurta/2322966/buy","Red and white printed A-line kurta, has a V-neck, three-quarter sleeves, curved hem, no slits","ViscoseHand-wash"
"kurtas/anouk/anouk-women-off-white-embroidered-a-line-kurta/2012125/buy","Off-White embroidered A-line kurta, has a shirt collar, short sleeves, asymmetric hem, no slits","Cotton  Machine-wash"
"kurtas/anouk/anouk-women-green-embroidered-straight-kurta/2322842/buy","Green embroidered straight kurta, has a round neck, three-quarter sleeves, straight hem, side slits","100% cottonHand-wash"
"kurtas/anouk/anouk-women-green--red-printed-a-line-kurta/2323177/buy","Green and red printed A-line kurta, has a round neck, three-quarter sleeves, curved hem, side slits","100% cottonHand-wash"
"kurtas/anouk/anouk-women-white--blue-printed-a-line-kurta/2323230/buy","White and blue printed A-line kurta, has a round neck, three-quarter sleeves, curved hem, no slits","100% cottonMachine-wash"
"kurtas/anouk/anouk-women-red--white-printed-fusion-kurta/2322978/buy","Red and white printed straight kurta, has a V-neck, three-quarter sleeves, straight hem, high side slits with pom-pom detailing","Cotton  Hand-wash"
"kurtas/anouk/anouk-women-maroon--beige-printed-straight-kurta/2140523/buy","Maroon and beige printed straight kurta, has a mandarin collar, three-quarter sleeves, straight hem, side slits","60% cotton, 40% viscoseMachine-wash"
"kurtas/anouk/anouk-women-black-embroidered-straight-kurta/2323190/buy","Black embroidered straight kurta, has a round neck, three-quarter sleeves, straight hem, multiple slits","100% CottonMachine-wash"
"kurtas/anouk/anouk-women-black-printed-a-line-kurta/2322963/buy","Black printed A-line kurta, has a shirt collar, three-quarter sleeves, curved hem, no slits","Cotton Machine-wash"
"kurtas/anouk/anouk-women-black-printed-a-line-kurta/2322907/buy","Black printed A-line kurta, has a round neck, three-quarter sleeves, straight hem, side slits","100% polyesterMachine-wash"
"kurtas/anouk/anouk-women-black--brown-printed-a-line-kurta/2323131/buy","Black and brown printed A-line kurta, has a mandarin collar, three-quarter sleeves, curved hem, multiple slits","ViscoseHand-wash"
"kurtas/anouk/anouk-women-yellow-solid-anarkali-kurta/2194218/buy","Yellow solid woven anarkali kurta, has a round neck, three-quarter sleeves, flared hem","100% polyesterHand-wash"
"kurtas/anouk/anouk-women-white--blue-striped-a-line-kurta/2323248/buy","White and blue striped A-line kurta, has a round neck, three-quarter sleeves, curved hem, no slits","100% cottonMachine-wash"
"kurtas/anouk/anouk-women-pink-printed-anarkali-kurta/2323019/buy","Pink and gold-toned printed Anarkali kurta, has a keyhole neck, three-quarter sleeves, flared hem","100% cottonMachine-wash"
"kurtas/anouk/anouk-women-blue--grey-printed-a-line-kurta/2323246/buy","Blue and grey printed A-line kurta, has a round neck, three-quarter sleeves, flared hem, no slits","Cotton Machine-wash"
"kurtas/anouk/anouk-women-mustard-brown-printed-a-line-kurta/2323084/buy","Mustard brown printed A-line kurta, has a mandarin collar, three-quarter sleeves, high-low hem","100% cottonHand-wash"
"kurtas/anouk/anouk-women-yellow-genda-phul-collection-chanderi-blend-kurta/2323261/buy","Yellow yoke design A-line kurta, has a round neck, three-quarter sleeves, flared hem, no slits","Chanderi blendMachine-wash"
"kurtas/anouk/anouk-women-maroon-printed-a-line-kurta/2323124/buy","Maroon printed A-line kurta, has a round neck, three-quarter sleeves, flared hem, no slits","ViscoseMachine-wash"
"kurtas/anouk/anouk-women-pink--white-printed-a-line-kurta/2323240/buy","Pink and white printed A-line kurta, has a round neck, three-quarter sleeves, straight hem, front slit","Cotton Machine-wash"
"kurtas/anouk/anouk-women-blue--off-white-printed-straight-kurta/2012164/buy","Blue and off-white printed straight kurta, has a round neck, sleeveless, straight hem, side slits","Viscose Rayon Machine-wash"
"kurtas/anouk/anouk-women-brown--grey-printed-a-line-kurta/2128218/buy","Mustard yellow and grey printed A-line kurta, has a round neck, three-quarter sleeves, flared hem, no slitsThis kurta can also be worn as a dress","100% cottonHand-wash"
"kurtas/anouk/anouk-women-navy-blue--red-printed-a-line-kurta/2323048/buy","Navy blue and red printed A-line kurta, has a round neck, sleeveless, flared hem","100% viscoseMachine-wash"
"kurtas/anouk/anouk-women-blue-printed-anarkali-kurta/2370028/buy","Blue printed anarkali kurta, has a round neck, three-quarter sleeves, flared hem","70% cotton, 30% viscoseHand-wash"
"kurtas/anouk/anouk-women-purple--white-printed-a-line-kurta/2323238/buy","Purple and white printed A-line kurta, has a mandarin collar, three-quarter sleeves, flared hem, no slits","Cotton  Hand-wash"
"kurtas/anouk/anouk-women-off-white--grey-melange-striped-straight-kurta/2038913/buy","Off-white and grey melange striped straight kurta, has a shirt collar, three-quarter sleeves, straight hem, side slits","Cotton  Hand-wash"
"kurtas/anouk/anouk-women-beige-genda-phul-collection-chanderi-blend-kurta/2323266/buy","Beige printed A-line kurta, has a boat neck, three-quarter cold-shoulder sleeves, flared hem, no slits","Chanderi blendHand-wash"
"kurtas/anouk/anouk-women-red-striped-straight-kurta/2038948/buy","Red striped straight kurta, has a mandarin collar, three-quarter sleeves, straight hem, side slits","85% viscose, 15% polyesterHand-wash"
"kurtas/anouk/anouk-women-green-printed-anarkali-kurta/2011749/buy","Green printed anarkali kurta, has a V-neck, three-quarter sleeves, flared hem, front slit","100% polyesterHand-wash"
"kurtas/anouk/anouk-women-grey--pink-printed-anarkali-kurta/2322769/buy","Grey and pink printed anarkali kurta with tie-up detail, has a round neck, three-quarter sleeves, flared hem, no slits","100% cottonHand-wash"
"kurtas/anouk/anouk-women-beige--blue-printed-a-line-kurta/2370063/buy","Beige and blue printed A-line kurta, has a keyhole neck, three-quarter sleeves, curved hem, no slits","100% cottonMachine-wash"
"kurtas/anouk/anouk-women-multicoloured-printed-a-line-kurta/2318280/buy","Multicoloured printed A-line kurta, has a mandarin collar, three-quarter sleeves, curved hem, side slits","100% polyesterHand-wash"
"kurtas/anouk/anouk-women-brown-printed-a-line-kurta/2322975/buy","Brown printed kurta, has a keyhole neck, three-quarter sleeves, flared hem","100% cottonMachine-wash"
"kurtas/anouk/anouk-women-maroon--blue-printed-a-line-kurta/2322737/buy","Maroon and blue printed A-line layered kurta with embellished and tassel detailing, has a round neck, three-quarter sleeves, flared hem, no slits","Cotton  Machine-wash"
"kurtas/anouk/anouk-women-green-yoke-design-a-line-kurta/2012185/buy","Green yoke design A-line kurta, has a round neck, sleeveless, flared hem, no slits","Cotton  Machine-wash"
"kurtas/anouk/anouk-women-multicoloured-printed-a-line-kurta/2012118/buy","Multicoloured printed A-line kurta, has a round neck, sleeveless, asymmetric hem, side slits","Cotton  Machine-wash"
"kurtas/anouk/anouk-women-green-striped-a-line-kurta/2322965/buy","Green striped A-line kurta, has a V-neck, three-quarter sleeves, curved hem, no slits","Cotton  Hand-wash"
"kurtas/anouk/anouk-women-blue--beige-printed-high-low-kurta/2323104/buy","Blue and beige printed anarkali kurta, has a round neck, three-quarter sleeves, high-low hem","100% viscoseHand-wash"
"kurtas/anouk/anouk-women-mustard-brown--beige-printed-a-line-kurta/2016830/buy","Mustard brown and beige printed A-line kurta, has a round neck, three-quarter sleeves, flared hem","100% cotton Hand-wash"
"kurtas/anouk/anouk-women-yellow-printed-a-line-kurta/2323234/buy","Yellow printed A-line kurta, has a keyhole neck, three-quarter sleeves, flared hem, no slits","Cotton  Machine-wash"
"kurtas/anouk/anouk-women-navy--beige-printed-a-line-kurta/2438879/buy","Navy blue and beige printed A-line kurta, has a mandarin collar, three-quarter sleeves, straight hem, no slits","85% viscose and 15% polyesterHand-wash"
"kurtas/anouk/anouk-women-brown--grey-printed-anarkali-kurta/2322719/buy","Brown and grey printed anarkali kurta with mirror detailing has a round neck, sleeveless, flared hem, no slits","50% cotton, 50% rayonMachine-wash"
"kurtas/anouk/anouk-women-blue-solid-a-line-fusion-kurta/2323159/buy","Blue solid A-line kurta, has a round neck, three-quarter sleeves, flared hemThis kurta can also be styled as dress","100% cottonMachine-wash"
"kurtas/anouk/anouk-women-blue--white-printed-kurta/2323243/buy","Blue and white printed A-line kurta, has a round neck, three-quarter sleeves, straight hem, no slits","Cotton Hand-wash"
"kurtas/anouk/anouk-women-brown-chanderi-blend-woven-design-anarkali-kurta/2323264/buy","Brown woven design Anarkali kurta, has a round neck, sleeveless, flared hem","Chanderi blendHand-wash"
"kurtas/anouk/anouk-women-blue-printed-a-line-kurta/2323247/buy","Blue printed A-line kurta, has a mandarin collar, three-quarter sleeves, straight hem, side slits","Cotton Hand-wash"
"kurtas/anouk/anouk-women-blue--green-printed-a-line-kurta/2322786/buy","Blue and green printed A-line kurta, has a stylised V-neck, three-quarter sleeves, asymmetric hem, no slits","100% cottonHand-wash"
"kurtas/anouk/anouk-women-brown-printed-a-line-kurta/2323071/buy","Brown and mustard yellow printed A-line kurta, has a mandarin collar, long sleeves, flared hem","100% cottonHand-wash"
"kurtas/anouk/anouk-women-black--white-striped-straight-kurta/2323102/buy","Black and white striped straight kurta, has a mandarin collar, three-quarter sleeves, straight hem, side slits","100% cottonMachine-wash"
"kurtas/anouk/anouk-women-red-printed-straight-kurta/2324842/buy","Red printed straight kurta, has a round neck, three-quarter sleeves, straight hem, side slits","Polyester  Machine-wash"
"kurtas/anouk/anouk-women-blue--off-white-checked-straight-kurta/2012157/buy","Blue and off-white checked straight kurta, has a shirt collar, short sleeves, straight hem, side slits","Viscose Rayon  Machine-wash"
"kurtas/anouk/anouk-women-green-printed-a-line-kurta/2322739/buy","Green printed A-line kurta, has a round neck, three-quarter sleeves, curved hem, no slits","100% cottonHand-wash"
"kurtas/anouk/anouk-women-orange--beige-printed-a-line-kurta/2322802/buy","Orange and beige printed A-line kurta, has a mandarin collar, three-quarter sleeves, flared hem, front slit","100% cottonHand-wash"
"kurtas/anouk/anouk-women-red--black-colourblocked-layered-straight-kurta/2324843/buy","Black and red colourblocked straight kurta, has a mandarin collar, three-quarter sleeves, straight hem, side slitsComes with a red layer which has a round neck and sleeveless","Viscose Machine-wash"
"kurtas/anouk/anouk-women-navy-printed-straight-kurta/2322795/buy","Navy blue printed straight kurta, has a V-neck, three-quarter sleeves, straight hem, no slits","100% cottonHand-wash"
"kurtas/anouk/anouk-women-blue--white-printed-a-line-kurta/2323245/buy","Blue and white printed A-line kurta, has a round neck, three-quarter sleeves, straight hem, no slits","Cotton  Hand-wash"
"kurtas/anouk/anouk-women-red--white-printed-a-line-kurta/2323175/buy","Red and white printed A-line kurta, has a mandarin collar, three-quarter sleeves, flared hem, side slits","Cotton  Machine-wash"
"kurtas/anouk/anouk-women-blue-dyed-a-line-kurta/2323231/buy","Blue dyed A-line kurta, has a round neck, sleeveless, flared hem, side slits","Cotton  Machine-wash"
"kurtas/anouk/anouk-women-white--black-printed-straight-kurta/2140518/buy","White and black printed straight kurta, has a round collar, three-quarter sleeves, straight hem, side slits","100% viscoseMachine-wash"
"kurtas/anouk/anouk-women-beige-genda-phul-collection-chanderi-blend-printed-a-line-kurta/2318275/buy","Beige printed A-line layered kurta, has a round neck, three-quarter sleeves, straight hem, front slitinner layer is solid A-line kurtha with a boat neck, sleeveless and no slits with curved hem","Chanderi blendHand-wash"
"kurtas/anouk/anouk-women-white-printed-straight-kurta/2322937/buy","White printed straight kurta, has a round neck, three-quarter sleeves, straight hem, side slits","100% polyesterHand-wash"
"kurtas/anouk/anouk-women-blue--white-striped-a-line-fusion-kurta/2012111/buy","Blue and white striped A-line fusion kurta, has a round neck, three-quarter bell sleeves, two pockets, straight hem, no slitsThis kurta can also be styled as dress","100% cotton  Hand-wash"
"kurtas/anouk/anouk-women-black-printed-a-line-kurta/2322958/buy","Black printed A-line kurta, has a V-neck, three-quarter sleeves, flared hem","Cotton  Hand-wash"
"kurtas/anouk/anouk-women-black-yoke-design-a-line-kurta/2323027/buy","Black yoke design A-line kurta, has a keyhole neck, three-quarter sleeves, straight hem, side slits","100% cottonMachine-wash"
"kurtas/anouk/anouk-women-black-embroidered-straight-kurta/2323098/buy","Black embroidered straight kurta, has a round neck, three-quarter sleeves, straight hem, side slits","100% cottonMachine-wash"
"kurtas/anouk/anouk-women-brown-printed-a-line-kurta/2323258/buy","Brown printed A-line kurta, has a mandarin collar, sleeveless, straight hem, no slits","Polyester  Hand-wash"
"kurtas/anouk/anouk-women-navy-blue-solid-a-line-kurta/2323121/buy","Navy blue solid A-line kurta, has a round neck, three-quarter sleeves, curved hem, no slits","100% viscose rayonMachine-wash"
"kurtas/anouk/anouk-women-black-printed-a-line-kurta/2323187/buy","Black printed A-line kurta, has a round neck, three-quarter sleeves, curved hem, side slits","100% cottonHand-wash"
"kurtas/anouk/anouk-women-beige--olive-green-printed-a-line-kurta/2038950/buy","Beige and olive green printed A-line kurta, has a round neck, three-quarter sleeves, straight hem, side slits","CottonHand-wash"
"kurtas/anouk/anouk-women-red--off-white-yoke-design-a-line-kurta/2323021/buy","Red and off-white yoke design A-line kurta, has a round neck, three-quarter sleeves, flared hem, no slits","Cotton  Machine-wash"
"kurtas/anouk/anouk-women-navy-blue-embroidered-a-line-kurta/2012126/buy","Navy blue embroidered A-line kurta, has a shirt collar, short sleeves, asymmetric hem, no slits","Cotton Machine-wash"
"kurtas/anouk/anouk-women-maroon--black-woven-design-a-line-kurta/2038937/buy","Maroon and black woven design A-line kurta, has a round neck, three-quarter sleeves, asymmetric hem, no slits","Viscose and cotton blendHand-wash"
"kurtas/anouk/anouk-women-black-printed-a-line-kurta/1999989/buy","Black printed A-line kurta, has a V-neck, three-quarter sleeves, straight hem, front slit","100% cotton  Hand-wash"
"kurtas/anouk/anouk-women-red-printed-a-line-kurta/1999994/buy","Red printed A-line kurta, has a round neck, three-quarter sleeves, flared hem","100% cotton Machine-wash"
"kurtas/anouk/anouk-women-yellow--peach-coloured-printed-a-line-kurta/2294495/buy","Yellow and peach-coloured printed A-line kurta, has a round neck, three-quarter sleeves, flared hem, no slits","100% cottonMachine-wash"
"kurtas/anouk/anouk-women-yellow-printed-straight-kurta/1860308/buy","Yellow printed straight kurta, has a shirt collar, three-quarter roll-up sleeves, a full button placket, a flared hem, and side slits","100% polyester Machine-wash cold"
"kurtas/anouk/anouk-women-navy-blue-striped-straight-kurta/2322745/buy","Navy blue striped straight kurta, has a shirt collar, three-quarter sleeves, straight hem, no slits and a full button placket.","100% cottonHand-wash"
"kurtas/anouk/anouk-women-grey--navy-printed-a-line-kurta/2322729/buy","Grey and navy blue printed A-line kurta, has a round neck, three-quarter sleeves, asymmetric hem, no slits","100% cottonMachine-wash"
"kurtas/anouk/anouk-women-blue-printed-a-line-kurta/2322920/buy","Blue printed A-line kurta, has a V-neck, three-quarter sleeves, straight hem, no slits","100% polyesterHand-wash"
"kurtas/anouk/anouk-women-burgundy-printed-straight-kurta/2012192/buy","Burgundy printed straight kurta, has a round neck, three-quarter sleeves, straight hem, side slits","100% rayonMachine-wash"
"kurtas/anouk/anouk-women-brown--blue-printed-a-line--kurta/2322971/buy","Brown and blue printed A-line kurta with gathered detailing, has a round neck, three-quarter sleeves, curved hem, no slits","ViscoseHand-wash"
"kurtas/anouk/anouk-women-red--beige-printed-anarkali-kurta/2372234/buy","Red and beige printed Anarkali kurta, has a round neck, three-quarter sleeves, flared hem, no slits","Cotton Machine-wash"
"kurtas/anouk/anouk-women-cream-coloured-printed-a-line-dress/2140463/buy","Cream-Coloured printed woven A-line kurta, has a shirt collar, three-quarter sleeves, button closure, flared hem","100% cottonHand-wash"
"kurtas/anouk/anouk-women-maroon-woven-design-a-line-kurta/2294505/buy","Maroon woven design A-line kurta, has a round neck, three-quarter sleeves, flared hem, no slits","100% viscoseMachine-wash"
"kurtas/anouk/anouk-women-blue-printed-a-line-kurta/2322801/buy","Blue printed A-line kurta, has a mandarin collar, three-quarter sleeves, flared hem","100% cottonHand-wash"
"kurtas/anouk/anouk-women-brown-printed-a-line-kurta/2322799/buy","Brown printed A-line kurta, has a V-neck, three-quarter sleeves, flared hem","100% cottonHand-wash"
"kurtas/anouk/anouk-women-blue-printed-a-line-kurta/2135036/buy","Blue printed A-line kurta, has a round neck, three-quarter sleeves, straight hem, front slit","100% polyesterHand-wash"
"kurtas/anouk/anouk-women-beige--blue-printed-a-line-kurta/2322899/buy","Beige and blue printed A-line kurta, has a round neck, three-quarter sleeves, straight hem, no slits","100% cottonHand-wash"
"kurtas/anouk/anouk-women-black-printed-a-line-kurta/2322956/buy","Black printed A-line kurta, has a V-neck, three-quarter sleeves, curved hem, no slits","Viscose Rayon  Hand-wash"
"kurtas/anouk/anouk-women-olive-green-printed-a-line-kurta/2322727/buy","Mustard printed A-line kurta, has a mandarin collar, three-quarter sleeves, straight hem, front slit","100% cottonHand-wash"
"kurtas/anouk/anouk-women-pink-printed-straight-kurta/2322872/buy","Pink printed straight kurta, has a round neck, three-quarter sleeves, straight hem, side slits","100% polyesterHand-wash"
"kurtas/anouk/anouk-women-cream-coloured--pink-embroidered-a-line-kurta/1897460/buy","Cream-coloured and pink embroidered A-line kurta, has a round neck, three-quarter sleeves, straight hem","100% polyester  Machine-wash"
"kurtas/anouk/anouk-women-black-printed-a-line-kurta/2021304/buy","Black printed A-line kurta, has a round neck, sleeveless, straight hem, no slits","Polyester Machine-wash"
"kurtas/anouk/anouk-women-navy-blue-yoke-design-a-line-kurta/2370007/buy","Navy blue yoke design A-line kurta, has a mandarin collar, three-quarter sleeves, asymmetric hem, no slits","100% viscoseHand-wash"
"kurtas/anouk/anouk-women-off-white--black-printed-a-line-kurta/2323092/buy","Off-white and black printed A-line kurta, has a round neck, three-quarter sleeves, straight hem, side slits","100% cottonHand-wash"
"kurtas/anouk/anouk-women-red-embroidered-anarkali-kurta/2135025/buy","Red embroidered Anarkali kurta, has a round neck, long sleeves, flared hem","100% polyesterHand-wash"
"kurtas/anouk/anouk-women-maroon--beige-printed-a-line-kurta/2323013/buy","Maroon and beige printed A-line kurta, has a mandarin collar, three-quarter sleeves, straight hem","100% cottonMachine-wash"
"kurtas/anouk/anouk-women-pink--white-checked-a-line-kurta/2323206/buy","Pink and white checked A-line kurta, has a round neck, short sleeves, curved hem, no slits","100% cottonHand-wash"
"kurtas/anouk/anouk-women-white--peach-coloured-yoke-design-straight-kurta/1860317/buy","White and peach-coloured yoke design straight kurta, has a round neck, long sleeves, straight hem, side slits","100% polyester  Machine-wash"
"kurtas/anouk/anouk-women-maroon--black-printed-a-line-kurta/2323147/buy","Maroon and black printed A-line kurta, has a round neck, three-quarter sleeves, curved hem","100% viscoseHand-wash"
"kurtas/anouk/anouk-women-blue--green-printed-a-line-kurta/2322816/buy","Blue and green printed A-line kurta, has a round neck, three-quarter sleeves, slightly flared hem, no slits","100% cottonHand-wash"
"kurtas/anouk/anouk-women-multicoloured-printed-a-line-kurta/2370024/buy","Multicoloured printed A-line kurta, has a round neck, three-quarter sleeves, flared hem","100% cottonMachine-wash"
"kurtas/anouk/anouk-women-navy-blue--beige-yoke-design-a-line-kurta/2015846/buy","Navy Blue and beige yoke design A-line kurta, has a round neck, three-quarter sleeves, flared hem, no slits","Cotton  Hand-wash"
"kurtas/anouk/anouk-women-orange-printed-a-line-kurta/2322761/buy","Orange printed A-line kurta, has a round neck, three-quarter sleeves, flared hem, no slits","100% cottonMachine-wash"
"kurtas/anouk/anouk-women-maroon-printed-a-line-kurta/2322765/buy","Maroon printed A-line kurta, has a round neck, three-quarter sleeves, curved hem, no slits","100% cottonHand-wash"
"kurtas/anouk/anouk-women-black--grey-checked-a-line-kurta/2128228/buy","Black and grey checked A-line kurta, has an off-shoulder neck, three-quarter sleeves, flared hem, no slitsThis kurta can also be worn as a dress","100% cottonHand-wash"
"kurtas/anouk/anouk-women-beige-solid-a-line-kurta/2323100/buy","Beige solid A-line kurta, has a round neck, three-quarter sleeves, curved hem","100% viscoseMachine-wash"
"kurtas/anouk/anouk-women-navy-blue-printed-a-line-kurta/2135948/buy","Navy blue printed A-line kurta, has a round neck, three-quarter sleeves, flared hem, no slits","Cotton Hand-wash"
"kurtas/anouk/anouk-women-black--blue-printed-a-line-kurta/1781586/buy","Black printed A-line kurta, has a keyhole neck, short sleeves, flared hem, no slits","100% cottonHand-wash"
"kurtas/anouk/anouk-women-green--brown-printed-a-line-fusion-kurta/2322807/buy","Green and brown printed A-line kurta, has a V-neck, three-quarter sleeves, flared hem, no slits","100% cottonMachine-wash"
"kurtas/anouk/anouk-women-maroon-yoke-design-anarkali-kurta/2012182/buy","Maroon yoke design anarkali kurta, has a round neck, three-quarter sleeves, flared hem, no slits","PolyesterMachine-wash"
"kurtas/anouk/anouk-women-black-printed-a-line-kurta/2140522/buy","Black printed A-line kurta, has a round neck, three-quarter sleeves, straight hem, side slits","60% cotton, 40% viscoseMachine-wash"
"kurtas/anouk/anouk-women-yellow-checked-straight-kurta/2038960/buy","Yellow checked straight kurta, has a round neck, three-quarter sleeves, straight hem, side slits","CottonHand-wash"
"kurtas/anouk/anouk-women-beige--blue-printed-a-line-kurta/2370068/buy","Beige and blue printed A-line kurta, has a round neck, three-quarter sleeves, straight hem, no slits","100% cottonHand-wash"
"kurtas/anouk/anouk-women-maroon--black-printed-straight-kurta/2322734/buy","Maroon and black printed straight kurta, has a mandarin collar, three-quarter sleeves, straight hem, side slits","50% cotton, 50% rayonHand-wash"
"kurtas/anouk/anouk-women-blue--mustard-yellow-printed-a-line-kurta/2323078/buy","Blue and mustard yellow printed A-line kurta, has a round neck, three-quarter sleeves, curved hem, no slits","100% cottonMachine-wash"
"kurtas/anouk/anouk-women-red--blue-printed-a-line-kurta/2135499/buy","Red and blue printed A-line layered kurta, has a round neck, three-quarter sleeves, flared hem, no slits","100% cottonHand-wash"
"kurtas/anouk/anouk-women-blue--coral-printed-straight-kurta/2012154/buy","Blue and coral printed straight kurta, has a mandarin collar, three-quarter sleeves, straight hem, side slits","Polyester  Machine-wash"
"kurtas/anouk/anouk-women-black--white-checked-straight-kurta/2038957/buy","Black and white checked straight kurta, has a round neck, three-quarter sleeves, straight hem, multiple slits","Cotton Hand-wash"
"kurtas/anouk/anouk-women-maroon-printed-a-line-kurta/2323036/buy","Maroon printed A-line kurta, has a square neck, short sleeves, high-low hem, no slits","100% cottonMachine-wash"
"kurtas/anouk/anouk-women-navy-blue--red-printed-a-line-kurta/2323043/buy","Navy blue and red printed A-line kurta, has a V-neck, short sleeves, straight hem, no slits","100%v viscoseMachine-wash"
"kurtas/anouk/anouk-women-red--brown-printed-a-line-kurta/2135933/buy","Red and brown printed A-line kurta, has a round neck, three-quarter sleeves, flared hem","100% cottonHand-wash"
"kurtas/anouk/anouk-women-beige--red-printed-straight-kurta/2038949/buy","Beige and red printed straight kurta, has a round neck, three-quarter sleeves, straight hem, side slits","Cotton  Hand-wash"
"kurtas/anouk/anouk-women-red--black-printed-a-line-kurta/2015872/buy","Red and black printed A-line kurta, has a round neck, three-quarter sleeves, flared hem","100% cottonMachine-wash"
"kurtas/anouk/anouk-women-red--black-printed-a-line-kurta/2322740/buy","Red and black printed A-line kurta, has a round neck, three-quarter sleeves, asymmetric hem, no slits","100% cottonHand-wash"
"kurtas/anouk/anouk-women-cream-coloured--brown-printed-a-line-kurta/2322896/buy","Cream-Coloured and brown printed A-line kurta, has a round neck, three-quarter sleeves, straight hem, no slits","100% cottonHand-wash"
"kurtas/anouk/anouk-women-green--blue-printed-straight-kurta/1497912/buy","Green and blue printed straight kurta, has a round neck, three-quarter sleeves with roll-up tabs, high-low hem","PolyesterHand-wash"
"kurtas/anouk/anouk-women-blue--white-printed-a-line-kurta/2322803/buy","Blue and white printed A-line kurta, has a mandarin collar, three-quarter sleeves, flared hem","100% cottonHand-wash"
"kurtas/anouk/anouk-women-pink-printed-a-line-kurta/2135947/buy","Pink printed A-line kurta, has a round neck with zip closure, three-quarter sleeves, flared hem","100% cottonHand-wash"
"kurtas/anouk/anouk-women-pink--cream-coloured-printed-a-line-kurta/2294489/buy","Pink and cream-coloured printed A-line kurta, has a round neck, three-quarter sleeves, flared hem","100% viscoseMachine-wash"
"kurtas/anouk/anouk-women-blue-striped-a-line-kurta/2323157/buy","Blue striped A-line kurta, has a round neck, three-quarter sleeves, curved hem, no slits","100% cottonMachine-wash"
"kurtas/anouk/anouk-women-grey--orange-embroidered-a-line-kurta/2012119/buy","Grey and orange embroidered A-line kurta, has a round neck, short sleeves, straight hem, side slits","Cotton Machine-wash"
"kurtas/anouk/anouk-women-blue--white-printed-a-line-kurta/2322962/buy","Blue and white printed A-line kurta, has a round neck, three-quarter sleeves, cureved hem, side slits","Viscose Hand-wash"
"kurtas/anouk/anouk-women-beige--navy-blue-printed-a-line-kurta/2135504/buy","Beige and navy blue printed A-line layered kurta, has a round neck, three-quarter sleeves, curved hem, no slits","Cotton Hand-wash"
"kurtas/anouk/anouk-women-black-woven-design-straight-kurta/2038927/buy","Black woven design straight kurta, has a mandarin collar, short sleeves, straight hem, side slits","Cotton Machine-wash"
"kurtas/anouk/anouk-women-black-embroidered-a-line-kurta/2021326/buy","Black embroidered A-line kurta, has a boat neck, short sleeves, asymmetric hem, front slit","Polyester  Machine-wash"
"kurtas/anouk/anouk-women-black-printed-a-line-kurta/2021315/buy","Black printed A-line kurta, has a boat neck, sleeveless, curved hem, side slits","100% polyesterHand-wash"
"kurtas/anouk/anouk-women-red-printed-straight-kurta/1999979/buy","Red printed straight kurta, has a round neck, three-quarter sleeves, straight hem, side slits","Cotton  Hand-wash"
"kurtas/anouk/anouk-women-pink-printed-a-line-kurta/2322955/buy","Pink printed A-line kurta, has a V-neck, three-quarter sleeves, curved hem, no slits","Cotton Machine-wash"
"kurtas/anouk/anouk-women-orange--off-white-printed-a-line-kurta/2015863/buy","Orange and off-white printed A-line kurta, has a round neck, sleeveless, flared hem","Inner: 100% cottonOuter: 100% polyesterMachine-wash"
"kurtas/anouk/anouk-women-yellow-printed-a-line-kurta/2038935/buy","Yellow printed A-line kurta, has a round neck, three-quarter sleeves, high-low hem, side slits","60% viscose, 40% cottonMachine-wash"
"kurtas/anouk/anouk-women-off-white--green-yoke-design-straight-kurta/1860318/buy","Off-White and green printed straight kurta, has a round neck, three-quarter sleeves, straight hem, side slits","100% polyester Hand-wash"
"kurtas/anouk/anouk-women-purple-yoke-design-a-line-kurta/2012186/buy","Purple yoke design A-line kurta, has a round neck, sleeveless, flared hem, no slits","Cotton Machine-wash"
"kurtas/anouk/anouk-yellow-printed-a-line-kurta/1771140/buy","Yellow printed A-line kurta, has a V-neck, sleeveless, straight hem","100% polyester Machine-wash"
"kurtas/anouk/anouk-women-black--red-printed-straight-kurta/1681483/buy","Black and red printed straight kurta, has a round neck, three-quarter sleeves, straight hem, side slits","100% viscose  Machine-wash"
"kurtas/anouk/anouk-women-orange-printed-a-line-kurta/2021314/buy","Orange printed A-line kurta, has a boat neck, sleeveless, curved hem, side slits","100% polyesterHand-wash"
"kurtas/anouk/anouk-women-green--pink-printed-straight-kurta/1497913/buy","Green and pink printed straight kurta, has a round neck, three-quarter sleeves,with roll-up tabs high-low hem","PolyesterHand-wash"
"kurtas/anouk/anouk-women-blue-printed-straight-kurta/2012176/buy","Blue printed straight kurta, has a round neck, sleeveless, straight hem, side slits","RayonMachine-wash"
"kurtas/anouk/anouk-women-black-printed-a-line-kurta/2012175/buy","Black printed A-line kurta, has a round neck, sleeveless, high-low hem, side slits","ViscoseMachine-wash"
"kurtas/anouk/anouk-women-red-chanderi-blend-woven-design-anarkali-kurta/2323263/buy","Red woven design Anarkali kurta, has a round neck, sleeveless, flared hem","Chanderi blendHand-wash"
"kurtas/anouk/anouk-women-pink-printed-anarkali-kurta/2011747/buy","Pink and brown printed anarkali kurta, has a round neck, three-quarter sleeves, flared hem, front slit","100% polyesterHand-wash"
"kurtas/anouk/anouk-women-white-yoke-design-a-line-kurta/1897453/buy","White yoke design A-line kurta, has a round neck, three-quarter sleeves, straight hem, no slits","Polyester  Hand-wash"
"kurtas/anouk/anouk-women-navy-striped-straight-kurta/2038945/buy","Navy blue striped straight kurta, has a round neck, three-quarter sleeves, straight hem, side slits","100% viscoseHand-wash"
"kurtas/anouk/anouk-women-rust-brown-printed-straight-kurta/1897445/buy","Rust printed straight kurta, has a round neck, three-quarter sleeves, straight hem, side slits","Polyester  Machine-wash"
"kurtas/anouk/anouk-women-multicoloured-printed-a-line-kurta/2012120/buy","Multicoloured printed A-line kurta, has a round neck, short sleeves, straight hem, side slits","100% cottonMachine-wash"
"kurtas/anouk/anouk-women-black-embroidered-anarkali-kurta/2135027/buy","Black embroidered Anarkali kurta, has a round neck, long sleeves, flared hem","100% polyesterHand-wash"
"kurtas/anouk/anouk-women-off-white--red-layered-kurta/2015865/buy","Off-white and red A-line layered kurta, has a mandarin collar, three-quarter sleeves, flared hem","Inner: 100% cottonOuter: 100% polyester Machine-wash"
"kurtas/anouk/anouk-women-blue-printed-a-line-kurta/2370019/buy","Blue printed A-line kurta, has a round neck, three-quarter sleeves, straight hem, no slits","Viscose and cottonMachine-wash"
"kurtas/anouk/anouk-women-green--off-white-yoke-design-a-line-kurta/2323024/buy","Green and off-white yoke design A-line kurta, has a round neck, three-quarter sleeves, flared hem, no slits","Cotton  Machine-wash"
"kurtas/anouk/anouk-women-khaki-printed-a-line-kurta/2322918/buy","Khaki printed A-line kurta, has a round neck, three-quarter sleeves, flared hem","100% polyesterMachine-wash"
"kurtas/anouk/anouk-women-red-printed-a-line-kurta/2323046/buy","Red printed A-line kurta, has a V-neck, short sleeves, straight hem, no slits","Cotton  Machine-wash"
"kurtas/anouk/anouk-women-mustard-yellow-printed-a-line-layered-kurta/2135501/buy","Mustard yellow printed A-line layered kurta, has a round neck, three-quarter sleeves, flared hem, no slits","100% cottonMachine-wash"
"kurtas/anouk/anouk-women-blue-printed-a-line-kurta/2015870/buy","Blue printed A-line kurta, has a round neck, three-quarter sleeves, flared hem","100% cottonMachine-wash"
"kurtas/anouk/anouk-women-yellow-solid-a-line-kurta/1997988/buy","Yellow solid A-line kurta, has a V-neck, a short zip closure, three-quarter sleeves, flared hem, no slits","100% polyester Hand-wash"
"kurtas/anouk/anouk-women-multicoloured-printed-straight-kurta/2012168/buy","Multicoloured printed straight kurta, has a mandarin collar, sleeveless, straight hem, side slits","ViscoseMachine-wash"
"kurtas/anouk/anouk-women-blue-yoke-design-striped-straight-kurta/2323209/buy","Blue yoke design striped straight kurta, has a round neck, three-quarter sleeves, straight hem","100% cottonHand-wash"
"kurtas/anouk/anouk-women-mustard-yellow--taupe-printed-a-line-kurta/2323096/buy","Mustard yellow and taupe printed A-line kurta, has a round neck, three-quarter sleeves, high-low hem, no slits","Cotton Hand-wash"
"kurtas/anouk/anouk-women-grey--navy-blue-printed-a-line-kurta/2322756/buy","Grey and navy blue printed A-line kurta, has a round neck, three-quarter sleeves, flared hem, no slits","50% cotton, 50% rayonMachine-wash"
"kurtas/anouk/anouk-women-off-white--blue-printed-straight-kurta/1681400/buy","Blue printed straight kurta, has a round neck, three-quarter sleeves, straight hem","100% polyester Machine-wash"
"kurtas/anouk/anouk-women-brown-solid-straight-kurta/1435789/buy","Brown straight kurta with embroidered detail, has a round neck, three-quarter sleeves, side slits, straight hem","100% cotton Hand-wash"
"kurtas/anouk/anouk-women-grey--purple-printed-anarkali-kurta/2323222/buy","Grey and purple printed anarkali kurta, has a round neck, three-quarter sleeves, curved hem, no slits","Cotton  Hand-wash"
"kurtas/anouk/anouk-women-red-yoke-design-straight-kurta/2012189/buy","Red yoke design straight kurta, has a round neck, three-quarter sleeves, straight hem, side slits","Woven: 100% cottonKnit: viscose/elastaneMachine-wash"
"kurtas/anouk/anouk-women-black-printed-straight-kurta/1781580/buy","Black printed straight kurta, has a round neck, three-quarter sleeves, straight hem, no slits","100% cottonHand-wash"
"kurtas/anouk/anouk-women-red-printed-a-line-kurta/2017316/buy","Red printed A-line kurta, has a mandarin collar, three-quarter sleeves, straight hem, front slit","100% cottonHand-wash"
"kurtas/anouk/anouk-women-orange-yoke-design-a-line-kurta/2037275/buy","Orange yoke design A-line kurta, has a V-neck, three-quarter sleeves, straight hem, no slits","85% viscose, 15% polyester Hand-wash"
"kurtas/anouk/anouk-women-orange-printed-chanderi-blend-cold-shoulder-a-line-kurta/2323256/buy","Orange printed A-line kurta, has a square neck, short cold-shoulder sleeves, straight hem, side slits","Chanderi blendHand-wash"
"kurtas/anouk/anouk-maroon-printed-high-low-kurta/1681478/buy","Maroon printed kurta, has a mandarin collar with a split V-neckline, three-quarter sleeves, high-low hem","100% viscose Machine-wash"
"kurtas/anouk/anouk-women-green-embroidered-a-line-kurta/1705908/buy","Green embroidered A-line kurta, has a round neck, long sleeves, straight hem","100% rayon  Machine-wash"
"kurtas/anouk/anouk-women-purple-woven-design-a-line-kurta/2322857/buy","Purple woven design A-line kurta, has a round neck, three-quarter sleeves, flared hem","100% polyesterHand-wash"
"kurtas/anouk/anouk-women-navy-blue-printed-straight-kurta/2012152/buy","Navy Blue printed straight kurta, has a mandarin collar, short sleeves, straight hem, side slits","Polyester  Machine-wash"
"kurtas/anouk/anouk-women-black-solid-straight-kurta/1999995/buy","Black solid straight kurta, has a round neck, three-quarter sleeves, curved hem, side slits","100% cotton  Machine-wash"
"kurtas/anouk/anouk-women-maroon-solid-a-line-kurta/2140521/buy","Maroon solid A-line kurta, has a manadarin neck, three-quarter sleeves, flared hem","60% cotton, 40% viscoseHand-wash"
"kurtas/anouk/anouk-women-brown-printed-a-line-kurta/2370029/buy","Brown printed A-line kurta, has a round neck, three-quarter sleeves, straight hem, no slits","ViscoseMachine-wash"
"kurtas/anouk/anouk-women-rust-red-printed-straight-kurta/2038962/buy","Rust red printed straight kurta, has a round neck, three-quarter sleeves, straight hem, side slits","Cotton  Hand-wash"
"kurtas/anouk/anouk-women-brown-printed-straight-kurta/2012166/buy","Brown printed straight kurta, has a mandarin collar, sleeveless, straight hem, side slits","Viscose Machine-wash"
"kurtas/anouk/anouk-women-taupe--red-printed-anarkali-kurta/2323094/buy","Taupe and red printed anarkali kurta, has a round neck, three-quarter sleeves, asymmetrical hem, no slits","Cotton Hand-wash"
"kurtas/anouk/anouk-women-grey--off-white-striped-a-line-fusion-kurta/2012112/buy","Grey and off-white striped A-line fusion kurta, has a round neck, three-quarter sleeves, two pockets, straight hem, no slitsThis kurta can also be styled as dress","100% cotton  Hand-wash"
"kurtas/anouk/anouk-women-red--beige-printed-straight-kurta/2370034/buy","Red and beige printed straight kurta, has a round neck, three-quarter sleeves, straight hem, side slits","Viscose and cottonMachine-wash"
"kurtas/anouk/anouk-women-orange-printed-a-line-kurta/2012121/buy","Orange printed A-line kurta, has a V-neck, three-quarter sleeves, straight hem, multiple slits","100% cottonHand-wash"
"kurtas/anouk/anouk-women-multicoloured-printed-a-line-kurta/2012122/buy","Multicoloured printed A-line kurta, has a V-neck, three-quarter sleeves, straight hem, side slits","Cotton  Machine-wash"
"kurtas/anouk/anouk-blue-printed-kurta/1770948/buy","Blue printed kurta, has a mandarin collar, three-quarter sleeves, side slits","100% polyester  Machine-wash"
"kurtas/anouk/anouk-women-black-yoke-design-straight-kurta/2012190/buy","Black yoke design straight kurta, has a round neck, three-quarter sleeves, straight hem, side slits","Woven: 100% cottonKnit: viscose/elastaneMachine-wash"
"kurtas/anouk/anouk-women-black-solid-straight-kurta/2021328/buy","Black solid straight kurta, has a round neck, short sleeves, straight hem, multiple slits","Polyester Machine-wash"
"kurtas/anouk/anouk-women-blue--cream-coloured-printed-a-line-kurta/2323219/buy","Blue and cream-coloured printed A-line kurta, has a round neck, three-quarter sleeves, straight hem, front slit","100% polyesterHand-wash"
"kurtas/anouk/anouk-green-solid-straight-kurta/1435787/buy","Green solid straight kurta, has a round neck, three-quarter sleeves, straight hem","Cotton Hand-wash"
"kurtas/anouk/anouk-women-black--red-printed-a-line-kurta/2322828/buy","Black and red printed A-line kurta, has a round neck, three-quarter sleeves, curved hem","100% polyesterMachine-wash"
"kurtas/anouk/anouk-women-pink--black-striped-straight-kurta/1714338/buy","Pink and black striped straight kurta with embroidered detail, has a mandarin collar, three-quarter sleeves with button-and-tab detail, straight hem, side slits","Polyester blendHand-wash"
"kurtas/anouk/anouk-women-white--peach-coloured-printed-a-line-kurta/1860305/buy","White and peach-coloured printed A-line kurta, has a round neck, short sleeves, asymmetric hem","100% polyester  Machine-wash"
"kurtas/anouk/anouk-women-yellow--red-printed-a-line-kurta/2322830/buy","Yellow and red printed A-line kurta, has a mandarin collar, three-quarter sleeves, straight hem, multiple slits, an attached liningManufacturer Info: The Supply FactoryCountry of Origin: India","Polyester  Hand-wash"
"kurtas/anouk/anouk-women-blue-printed-kurta/1556704/buy","Blue printed kurta, has a round neck, three-quarter sleeves, has side slits","Cotton  Machine-wash"
"kurtas/anouk/anouk-women-brown--beige-printed-a-line-kurta/2135949/buy","Brown and beige printed A-line kurta, has a mandarin collar, three-quarter sleeves, straight hem, front slit","100% cottonHand-wash"
"kurtas/anouk/anouk-women-maroon-printed-kurta/1705018/buy","Maroon woven printed kurta, has a round neck, a short button placket, three-quarter sleeves, straight hem, side slitsHas an attached lining ","Shell: 100% polyester Lining: 100% cotton Machine-wash"
"kurtas/anouk/anouk-women-brown-printed-a-line-kurta/2322877/buy","Brown printed A-line kurta, has a mandarin collar, three-quarter sleeves, high-low hem","100% polyesterMachine-wash"
"kurtas/anouk/anouk-women-beige-solid-a-line-kurta/1897450/buy","Beige solid A-line kurta, has a round neck, three-quarter sleeves, straight hem, no slits","Polyester  Hand-wash"
"kurtas/anouk/anouk-women-black-printed-a-line-kurta/1999981/buy","Black printed A-line kurta, has a round neck, short sleeves, flared hem, multiple slits","100% cotton Hand-wash"
"kurtas/anouk/anouk-women-white--blue-printed-straight-kurta/2012195/buy","White and blue printed straight kurta, has a round neck, three-quarter sleeves, straight hem, side slits","100% polyesterMachine-wash"
"kurtas/anouk/anouk-women-cream-coloured-printed-a-line-kurtha/2140461/buy","Cream-Coloured printed woven A-line kurta, has a shirt collar, three-quarter sleeves, button closure, flared hem","100% cottonHand-wash"
"kurtas/anouk/anouk-women-green-printed-a-line-kurta/2135037/buy","Green printed A-line kurta, has a round neck, three-quarter sleeves, straight hem, front slit","100% polyesterHand-wash"
"kurtas/anouk/anouk-women-black-solid-a-line-kurta/1679904/buy","Black solid a-line kurta, has a boat neck, long sleeve, straight hem","Polyester  Machine-wash"
"kurtas/anouk/anouk-women-white--red-printed-straight-kurta/1897409/buy","White and red printed straight kurta, has a round neck, three-quarter sleeves, straight hem, side slits","100% cottonMachine-wash"
"kurtas/anouk/anouk-women-blue--white-printed-anarkali-kurta/2323223/buy","Blue and white printed Anarkali kurta, has a round neck, three-quarter sleeves, curved hem, front slit","100% viscose rayonMachine-wash"
"kurtas/anouk/anouk-women-navy--off-white-printed-a-line-kurta/1750289/buy","Navy Blue and off-white printed A-Line kurta, has a round neck, short sleeves","100% cotton  Machine-wash"
"kurtas/anouk/anouk-women-red-a-line-kurta/1997987/buy","Red A-line kurta with printed detail, has a V-neck, three-quarter sleeves, flared hem, no slitsThis fusion kurta can also be worn as a dress","100% polyester Hand-wash"
"kurtas/anouk/anouk-orange-embroidered-linen-kurta/1126761/buy","Orange woven kurta with embroidered detail, has a round neck, sleeveless,&nbsp;asymmetrical hem","88% cotton, 12% linenHand-wash cold"
"kurtas/anouk/anouk-women-white--blue-printed-a-line-kurta/2323235/buy","White and blue printed A-line kurta, has a mandarin collar, short sleeves, flared hem, side slits","Cotton  Hand-wash"
"kurtas/anouk/anouk-women-orange-printed-anarkali-kurta/2135946/buy","Orange printed Anarkali kurta, has a round neck, three-quarter sleeves, flared hem","100% cottonHand-wash"
"kurtas/anouk/anouk-women-magenta-printed-a-line-kurta/1427159/buy","Magenta printed A-line kurta, has a round neck with a crochet detail below, three-quarter sleeves, asymmetric hem","100% rayonHand-wash"
"kurtas/anouk/anouk-women-maroon--grey-printed-straight-kurta/2323125/buy","Maroon and grey printed straight kurta, has a round neck, three-quarter sleeves, side slits, straight hem","100% cottonHand-wash"
"kurtas/anouk/anouk-women-blue--maroon-printed-a-line-kurta/2322732/buy","Blue and maroon printed A-line kurta, has a round neck, three-quarter sleeves, flared hem, no slits","100% cottonHand-wash"
"kurtas/anouk/anouk-women-beige-printed-kurta/1497880/buy","Beige and peach-coloured printed kurta with tassels, has a round neck, three-quarter sleeves, slit on the front and along the sides","Polyester Hand-wash"
"kurtas/anouk/anouk-green-printed-a-line-kurta/1681322/buy","Green and pink printed kurta, has a round neck, sleeveless, straight hem","100% cotton Machine-wash"
"kurtas/anouk/anouk-pink-printed-kurta/1770945/buy","Pink and orange printed kurta, has a mandarin collar, three-quarter sleeves, side slits","100% polyester  Machine-wash"
"kurtas/anouk/anouk-women-black--gold-toned-printed-a-line-kurta/2194217/buy","Black and gold-toned printed A-line kurta, has a round neck, sleeveless, straight hem, front slit","100% polyesterHand-wash"
"kurtas/anouk/anouk-women-magenta-solid-a-line-kurta/2128231/buy","Magenta solid A-line kurta, has a round neck, three-quarter sleeves, flared hem, no slits","100% cottonHand-wash"
"kurtas/anouk/anouk-women-blue--white-striped-a-line-kurta/1681280/buy","Blue and white striped A-line kurta, has a round neck with split V-neck, three-quarter sleeves, high-low hem","100% cotton  Machine-wash"
"kurtas/anouk/anouk-women-orange--white-printed-angrakha-kurta/1414166/buy","Orange and white printed Angrakha kurta, has a V-neck, short sleeves, flared hem, tie-ups on the sidesComes with a top, has a mandarin collar, sleeveless","100% rayon Hand-wash"
"kurtas/anouk/anouk-women-pink-printed-a-line-kurta/2194222/buy","Pink printed A-line kurta, has a shirt collar, three-quarter sleeves, straight hem, multiple slits","100% polyesterMachine-wash"
"kurtas/anouk/anouk-women-grey-solid-straight-kurta/2322928/buy","Grey solid straight kurta, has a round neck, three-quarter sleeves, straight hem, side slits","100% cottonMachine-wash"
"kurtas/anouk/anouk-women-grey--pink-printed-a-line-kurta/2322831/buy","Grey and red printed A-line kurta, has a mandarin collar, three-quarter sleeves, straight hem, multiple slitsManufacturer Info: The Supply FactoryCountry of Origin: India","Polyester  Hand-wash"
"kurtas/anouk/anouk-women-navy-blue-printed-a-line-kurta/2038966/buy","Navy blue printed A-line kurta, has a round neck, three-quarter sleeves, straight hem, no slits","85% viscose, 15% polyesterHand-wash"
"kurtas/anouk/anouk-women-black--orange-printed-anarkali-kurta/2323146/buy","Black and orange printed Anarkali kurta, has a mandarin collar, long sleeves, curved hem","100% viscoseHand-wash"
"kurtas/anouk/anouk-women-blue-printed-straight-kurta/1789505/buy","Blue printed kurta, has a mandarin collar with a short button-and-loop placket, short sleeves, straight hem","100% polyester  Machine-wash"
"kurtas/anouk/anouk-women-orange-printed-a-line-kurta/2323060/buy","Orange woven design A-line kurta, has a round neck, three-quarter sleeves, high-low hem, side slitsManufacturer Info: Mokksha ClothingCountry of Origin: India","Viscose Rayon  Hand-wash"
"kurtas/anouk/anouk-women-brown--beige-printed-a-line-kurta/2322821/buy","Brown and beige printed A-line kurta, has off-shoulder styling, short sleeves, curved hem","100% cottonHand-wash"
"kurtas/anouk/anouk-women-orange-printed-straight-kurta/2021318/buy","Orange printed straight kurta, has a round neck, three-quarter sleeves, curved hem, side slits","100% polyesterHand-wash"
"kurtas/anouk/anouk-women-white--black-striped-straight-kurta/2323062/buy","White and black striped straight kurta, has a round neck, three-quarter sleeves, straight hem, side slits","Cotton  Machine-wash"
"kurtas/anouk/anouk-women-red--orange-checked-a-line-kurta/2128223/buy","Red and orange checked A-line kurta, has an off-shoulder neck, three-quarter sleeves, flared hem, no slitsThis kurta can also be worn as dress","100% cottonHand-wash"
"kurtas/anouk/anouk-women-magenta-solid-straight-kurta/1427137/buy","Magenta solid straight kurta, has a mandarin collar, short sleeves, a short button placket, belt loops, high-low and curved hemComes with a fabric belt","RayonHand-wash"
"kurtas/anouk/anouk-women-red--gold-toned-printed-straight-kurta/1997985/buy","Red and gold-toned printed straight kurta, has a round neck, cap sleeves, curved hem, side slits","100% polyester Hand-wash"
"kurtas/anouk/anouk-women-black-printed-a-line-kurta/2037266/buy","Black printed A-line kurta, has a round neck, three-quarter sleeves, curved hem, front slit","85% viscose, 15% polyester  Hand-wash"
"kurtas/anouk/anouk-women-green-printed-a-line-kurta/1775966/buy","Green A-line kurta, has a round neck, three-quarter sleeves, embroidered detail","Polyester  Machine-wash"
"kurtas/anouk/anouk-women-beige-printed-a-line-kurta/2135505/buy","Beige printed A-line layered kurta, has a round neck, three-quarter sleeves, curved hem, no slits","Cotton  Hand-wash"
"kurtas/anouk/anouk-women-brown-printed-straight-kurta/1897447/buy","Brown printed straight kurta, has a round neck, three-quarter sleeves, straight hem, side slits","100% polyester Machine-wash"
"kurtas/anouk/anouk-women-red-printed-a-line-kurta/2323052/buy","Red printed A-line kurta, has a round neck, three-quarter sleeves, straight hem, front slit","100% cottonHand-wash"
"kurtas/anouk/anouk-women-navy-blue-printed-a-line-kurta/2370010/buy","Navy blue printed A-line kurta, has a round neck, three-quarter sleeves, asymmetric hem, no slits","ViscoseMachine-wash"
"kurtas/anouk/anouk-women-mustard-yellow-solid-asymmetrical-hem-kurta/1542100/buy","Mustard yellow solid a-line kurta, has a round neck, short sleeve, asymmetric hem","100% rayon  Hand-wash"
"kurtas/anouk/anouk-women-red-printed-straight-kurta/1998006/buy","Red printed straight kurta, has a mandarin collar, three-quarter sleeves, straight hem, side slits","Polyester Hand-wash"
"kurtas/anouk/anouk-women-blue-solid-chambray-a-line-kurta/1680900/buy","Blue solid A-line kurta, has a round neck, sleeveless, straight hem","100% cotton  Machine-wash"
"kurtas/anouk/anouk-women-blue-solid-straight-kurta/1777934/buy","Blue solid straight kurta, has a round neck, short sleeves, straight hem, front slit","100% cotton Machine-wash"
"kurtas/anouk/anouk-women-black-printed-a-line-layered-kurta/2021302/buy","Black printed A-line layered kurta, has a keyhole neck, short sleeves, curved hem","100% polyesterHand-wash"
"kurtas/anouk/anouk-women-off-white-printed-a-line-kurta/2038933/buy","Off-white printed A-line kurta, has a round neck, three-quarter sleeves, high-low hem, side slits","60% cotton, 40% viscoseHand-wash"
"kurtas/anouk/anouk-women-black-printed-a-line-kurta/2038939/buy","Black printed A-line kurta, has a round neck, three-quarter sleeves, straight hem","100% cotton Hand-wash"
"kurtas/anouk/anouk-women-off-white--blue-printed-a-line-kurta/2016029/buy","Off-white & blue printed A-line kurta, has a round neck, three-quarter sleeves, flared hem","Inner: 100% cottonOuter: 100% polyesterMachine-wash"
"kurtas/anouk/anouk-women-navy-blue-printed-straight-kurta/1781522/buy","Navy blue printed straight kurta, has a mandarin collar, three-quarter sleeves, straight hem, multiple slits","100% cotton Hand-wash"
"kurtas/anouk/anouk-women-green-a-line-kurta/1427157/buy","Green A-line kurta with embroidered detail, has a round neck, three-quarter sleeves, asymmetric hem","88% cotton, 12% linenHand-wash"
"kurtas/anouk/anouk-women-red-and-navy-printed-a-line-kurta/1548325/buy","Red, off-white and navy blue printed A-line kurta, has a shirt collar, three-quarter sleeves, high-low hem","100% cotton  Hand-wash"
"kurtas/anouk/anouk-women-beige-printed-a-line-kurta/2021307/buy","Beige printed A-line kurta, has a V-neck, three-quarter sleeves, curved hem","100% polyesterHand-wash"
"kurtas/anouk/anouk-women-black--off-white-printed-a-line-kurta/2135038/buy","Black and off-white printed A-line kurta, has a round neck, sleeveless, straight hem","100% polyesterHand-wash"
"kurtas/anouk/anouk-women-olive-green-printed-a-line-kurta/2015848/buy","Olive green printed A-line kurta, has a round neck, three-quarter sleeves, flared hem","100% cottonMachine-wash"
"kurtas/anouk/anouk-women-blue--black-striped-straight-kurta/1714336/buy","Blue and black striped straight kurta with embroidered detail, has a mandarin collar, three-quarter sleeves with button-and-tab detail, straight hem, side slits","Polyester blendHand-wash"
"kurtas/anouk/anouk-women-black--grey-colourblocked-straight-kurta/2038903/buy","Black and grey colourblocked straight kurta, has a shirt collar, short sleeves, straight hem, side slits","100% cotton Hand-wash"
"kurtas/anouk/anouk-women-orange-yoke-design-straight-kurta/1997981/buy","Orange yoke design straight kurta, has a round neck, three-quarter sleeves, straight hem, side slits","100% polyester  Hand-wash"
"kurtas/anouk/anouk-women-red--black-printed-straight-kurta/1679900/buy","Red and black printed straight kurta, has a round neck, three-quarter sleeves, high-low hem","100% polyester Machine-wash"
"kurtas/anouk/anouk-women-red-solid-a-line-kurta/1705031/buy","Red solid A-line kurta, has a shirt collar, a full button placket, three-quarter sleeves, a patch pocket, high-low hem","100% viscose Hand-wash"
"kurtas/anouk/anouk-women-white--mustard-yellow-printed-a-line-kurta/1707769/buy","White and mustard yellow printed A-line kurta, has a boat neck, three-quarter sleeves, flared hem, front slit","Rayon Hand-wash"
"kurtas/anouk/anouk-women-navy-blue-floral-print-straight-kurta/1495372/buy","Navy blue floral print straight kurta, has a round neck, three-quarter sleeves with roll-up tab features, straight hemComes with a lining","100% polyesterHand-wash"
"kurtas/anouk/anouk-women-sea-green-embroidered-kurta/1382041/buy","Sea green embroidered kurta, has a turtle neck, long sleeve, high-low hem","Acrylic  Hand-wash"
"kurtas/anouk/anouk-women-brown--yellow-printed-straight-kurta/1705907/buy","Brown and yellow printed straight kurta, has a round neck, three-quarter sleeves, slit on the front, straight hem","100% polyester Machine-wash"
"kurtas/anouk/anouk-women-yellow-embroidered-a-line-kurta/2037277/buy","Yellow and beige embroidered A-line kurta, has a V-neck, three-quarter sleeves, straight hem, no slits","85% viscose and 15% polyester Hand-wash"
"kurtas/anouk/anouk-women-multicoloured-printed-straight-kurta/1681372/buy","Multicoloured printed straight kurta, has a round neck, three-quarter sleeves, a slip pocket, side slits, straight hem","100% polyester Machine-wash"
"kurtas/anouk/anouk-women-red-woven-design-a-line-kurta/2370048/buy","Red and cream-coloured woven design A-line kurta, has a round neck, three-quarter sleeves, flared hem, side slits","100% polyesterHand-wash"
"kurtas/anouk/anouk-women-off-white--blue-printed-straight-kurta/1750291/buy","Off-white and blue printed kurta, has a round neck, short sleeves, straight hem","Cotton  Machine-wash"
"kurtas/anouk/anouk-women-purple--pink-printed-straight-kurta/1770952/buy","Purple and pink printed straight kurta, has a round neck, three-quarter sleeves, straight hem, side slits","100% rayon  Machine-wash"
"kurtas/anouk/anouk-women-black--gold-toned-printed-a-line-kurta/1998002/buy","Black and gold-toned printed A-line kurta, has a mandarin collar, three-quarter sleeves with cold shoulder detail on one side, straight hem, front slit","100% polyester Hand-wash"
"kurtas/anouk/anouk-women-off-white--grey-printed-straight-kurta/2012113/buy","Off-white and grey printed straight kurta, has a round neck, sleeveless, curved hem, side slits","100% cotton  Hand-wash"
"kurtas/anouk/anouk-women-orange-printed-a-line-layered-kurta/2021301/buy","Orange printed A-line layered kurta, has a keyhole neck, short sleeves, curved hem","100% polyesterHand-wash"
"kurtas/anouk/anouk-women-black-printed-straight-kurta/2021317/buy","Black printed straight kurta, has a round neck, three-quarter sleeves, curved hem, side slits","100% polyesterHand-wash"
"kurtas/anouk/anouk-women-orange-printed-a-line-kurta/1997979/buy","Orange printed A-line kurta, has a round neck, three-quarter bell sleeves, straight hem, front slit","Polyester Hand-wash"
"kurtas/anouk/anouk-women-multicolour-printed-straight-kurta/1446665/buy","Multicoloured printed straight kurta, has a shirt collar, a short button placket,&nbsp;three-quarter sleeves with roll-up tab features, a slit on the front, side slits, and a&nbsp;straight hem","Polyester  Hand-wash"
"kurtas/anouk/anouk-women-maroon-printed-straight-kurta/2012162/buy","Maroon printed straight kurta, has a round neck, short sleeves, straight hem, no slits","Viscose Rayon  Machine-wash"
"kurtas/anouk/anouk-women-green--white-printed-a-line-kurta/1926942/buy","Green and white printed A-line kurta, has a mandarin collar, three-quarter sleeves, asymmetric hem","Cotton  Machine-wash"
"kurtas/anouk/anouk-women-orange-printed-straight-kurta/1997983/buy","Orange printed straight kurta, has a round neck, three-quarter sleeves, straight hem, side slits","Polyester Hand-wash"
"kurtas/anouk/anouk-women-magenta--gold-toned-printed-a-line-kurta/1998001/buy","Magenta and gold-toned printed A-line kurta, has a round neck, three-quarter sleeves, straight hem, front slit","100% polyester Hand-wash"
"kurtas/anouk/anouk-women-green--purple-printed-a-line-kurta/2135945/buy","Green and purple printed A-line kurta, has a round neck, three-quarter sleeves, flared hem, no slits","100% cottonHand-wash"
"kurtas/anouk/anouk-women-green--yellow-printed-high-low-hem-a-line-kurta/2135497/buy","Green and yellow printed A-line kurta, has a round neck, three-quarter sleeves, high-low hem, no slits","Cotton Hand-wash"
"kurtas/anouk/anouk-women-grey--black-printed-chambray-a-line-kurta/1680881/buy","Grey and black printed A-line kurta, has a round neck, short raglan sleeves, high-low hem, two pockets, slits on the sides and back","100% cotton Machine-wash"
"kurtas/anouk/anouk-women-rust-red-printed-a-line-kurta/2017279/buy","Rust red and blue printed A-line kurta, has a round neck, three-quarter sleeves, flared hem","100% cotton  Hand-wash"
"kurtas/anouk/anouk-women-pink--black-printed-a-line-kurta/2017313/buy","Pink and black printed A-line kurta, has a V-neck, short sleeves, flared hem, front slit","100% cotton  Hand-wash"
"kurtas/anouk/anouk-women-blue--white-printed-straight-kurta/2012156/buy","Blue, white and yellow printed straight kurta, has a mandarin collar, three-quarter sleeves, straight hem, side slits","Polyester  Machine-wash"
"kurtas/anouk/anouk-blue-solid-straight-kurta/1705226/buy","Blue solid straight kurta, has a mandarin collar, short sleeves, high-low hem","100% cotton Machine-wash"
"kurtas/anouk/anouk-women-blue-solid-a-line-kurta/1378701/buy","Blue solid A-line kurta, has a round neck, short sleeves, straight hem","Viscose  Hand-wash"
"kurtas/anouk/anouk-women-orange--white-printed-straight-kurta/1685294/buy","Orange and white printed straight kurta, has a round neck, sleeveless, curved hem, multiple slits","Polyester  Machine-wash"
"kurtas/anouk/anouk-women-green-embroidered-a-line-kurta/1435800/buy","Green embroidered A-line kurta, has a round neck, sleeveless, straight hem","Polyester blendHand-wash"
"kurtas/anouk/anouk-women-orange-solid-straight-kurta/1427151/buy","Orange solid straight kurta, has a mandarin collar, a button placket with a slit, three-quarter sleeves, straight hem","100% rayonHand-wash"
"kurtas/anouk/anouk-women-black--green-printed-straight-kurta/1681388/buy","Black and green printed straight kurta, has a round neck, sleeveless, high-low hem","100% polyester Machine-wash"
"kurtas/anouk/anouk-women-maroon-printed-straight-kurta/1846906/buy","Maroon printed straight kurta, has a mandarin collar, three-quarter sleeves, straight hem, front slit","Viscose Machine-wash"
"kurtas/anouk/anouk-women-orange-printed-straight-kurta/1750286/buy","Orange printed straight kurta, has a V-neck, three-quarter sleeves, curved hem, side slits","Cotton  Machine-wash"
"kurtas/anouk/anouk-women-blue-solid-a-line-high-slit-kurta-with-printed-back/1685283/buy","Blue solid A-line high slit kurta, has a mandarin collar, sleeveless, multiple slits, high-low hem, printed back","100% polyester Machine-wash"
"kurtas/anouk/anouk-women-blue-printed-a-line-kurta/1681326/buy","Blue printed A-line kurta, has a round neck, three-quarter sleeves, straight hem, side slits","100% cotton Machine-wash"
"kurtas/anouk/anouk-women-blue-printed-straight-kurta/1681346/buy","Blue printed straight kurta, has a round neck, three-quarter sleeves, straight hem, multiple slits","100% cotton Machine-wash"
"kurtas/anouk/anouk-women-orange-embroidered-a-line-kurta/2038911/buy","Orange embroidered A-line kurta, has a round neck, three-quarter sleeves, two pockets, slightly flared hem, no slits","100% cottonHand-wash"
"kurtas/anouk/anouk-women-magenta-printed-straight-kurta/1497902/buy","Magenta printed straight kurta, has a round neck, three-quarter sleeves, straight hem","100% polyester Hand-wash"
"kurtas/anouk/anouk-women-brown-solid-a-line-kurta/1542086/buy","Brown and mustard yellow solid A-line kurta, has a round neck, three-quarter sleeves, tie-up detailing on both sides, flared hem","90% cotton, 10% flex Hand-wash"
"kurtas/anouk/anouk-women-black--blue-printed-straight-kurta/1848968/buy","Black and blue printed straight kurta, has a V-neck, three-quarter sleeves, straight hem, side slits","Polyester Machine-wash"
"kurtas/anouk/anouk-yellow-printed-a-line-kurta/1681353/buy","Yellow kurta, has a round neck, three-quarter sleeves, high-low hem","100% cotton Machine-wash"
"kurtas/anouk/anouk-women-red--beige-printed-a-line-kurta/2016829/buy","Red and beige printed A-line kurta, has a round neck, three-quarter sleeves, flared hem, no slits","Cotton  Hand-wash"
"kurtas/anouk/anouk-women-red-printed-straight-kurta/1848969/buy","Red printed straight kurta, has a V-neck, three-quarter sleeves, straight hem, side slits","Cotton  Machine-wash"
"kurtas/anouk/anouk-women-yellow-embroidered-a-line-kurta/1705909/buy","Yellow embroidered A-line kurta, has a round neck, long sleeves, straight hem","100% rayon  Machine-wash"
"kurtas/anouk/anouk-women-orange-printed-a-line-kurta/2194223/buy","Orange printed A-line kurta, has a shirt collar, three-quarter sleeves, straight hem, multiple slits","100% polyesterMachine-wash"
"kurtas/anouk/anouk-women-blue-chambray-a-line-kurta/1777918/buy","Blue A-line kurta, has a stylized shirt collar with mock button placket, long sleeves, straight hem, lace insert at the back","Chambray cotton Machine-wash"
"kurtas/anouk/anouk-women-black-printed-a-line-kurta/2038921/buy","Black printed A-line kurta, has a round neck, three-quarter sleeves, straight hem, no slits","Viscose and cotton blendHand-wash"
"kurtas/anouk/anouk-women-navy-printed-straight-kurta/2012177/buy","Navy printed straight kurta, has a round neck, three-quarter sleeves, straight hem, side slits","100% rayonMachine-wash"
"kurtas/anouk/anouk-women-green-solid-kurta/1542122/buy","Green solid straight kurta, has a keyhole neck, three-quarter sleeve, slit on the front, curved hem","100% cotton  Hand-wash"
"kurtas/anouk/anouk-women-multicoloured-printed-straight-kurta/1683263/buy","Multicoloured printed straight kurta, has a mandarin collar, three-quarter sleeve, side slits, solid back","PolyesterHand-wash"
"kurtas/anouk/anouk-women-black-yoke-design-straight-kurta/1999984/buy","Black yoke design straight kurta, has a round neck, three-quarter sleeves, straight hem, multiple slits","100% cotton  Hand-wash"
"kurtas/anouk/anouk-women-red-solid-a-line-kurta/1679915/buy","Red solid A-line kurta, has a stylised mandarin collar, three-quarter sleeves, single button closure on the back which forms a keyhole, high-low hem","Polyester Machine-wash"
"kurtas/anouk/anouk-women-white-printed-straight-kurta/1860329/buy","White printed straight kurta, has a round neck, short extended sleeves, straight hem, no slits","100% polyester Machine-wash"
"kurtas/anouk/anouk-women-black-floral-print-straight-kurta/1495371/buy","Black and red floral print straight kurta, has a round neck, three-quarter sleeves with roll-up tab features, straight hemComes with a lining","100% polyesterHand-wash"
"kurtas/anouk/anouk-blue-printed-cold-shoulder-a-line-kurta/1796369/buy","Blue printed woven A-line kurta, has a round neck, short cold shoulder sleeves, side slits, an asymmetric hem","100% cotton Machine-wash"
"kurtas/anouk/anouk-women-magenta--purple-yoke-design-a-line-kurta/2128233/buy","Magenta and purple yoke deisgn A-line kurta, has a round neck, three-quarter sleeves, high-low hem, side slits","100% cottonHand-wash"
"kurtas/anouk/anouk-women-black--brown-printed-straight-kurta/2012153/buy","Black and brown printed straight kurta, has a mandarin collar, short sleeves, straight hem, side slits","Cotton  Machine-wash"
"kurtas/anouk/anouk-women-black-solid-a-line-kurta/1679928/buy","Black and red solid A-line kurta, has a mandarin collar with a split-V neck, three-quarter sleeves, curved hem","Polyester Machine-wash"
"kurtas/anouk/anouk-women-green--navy-blue-printed-a-line-kurta/2037261/buy","Green and navy blue printed A-line kurta, has a round neck, three-quarter sleeves, curved hem, no slits","Cotton Machine-wash"
"kurtas/anouk/anouk-women-black--blue-printed-a-line-kurta/1681396/buy","Black and blue printed A-line kurta, has a V-neck, three-quarter sleeves, asymmetric hem","100% polyester Machine-wash"
"kurtas/anouk/anouk-women-orange-printed-straight-kurta/2021323/buy","Orange printed straight kurta, has a round neck, cold shoulder long sleeves, straight hem, side slits","100% polyesterHand-wash"
"kurtas/anouk/anouk-women-beige--red-printed-a-line-kurta/1999988/buy","Beige and red printed A-line kurta, has a round neck, three-quarter sleeves, straight hem, side slits","100% cotton  Hand-wash"
"kurtas/anouk/anouk-women-pink-a-line-kurta/1997995/buy","Pink printed A-line kurta, has a keyhole neck, three-quarter cold-shoulder sleeves, straight hem, front slit","100% polyester Hand-wash"
"kurtas/anouk/anouk-pink-kurta/1385324/buy","Pink pattern woven kurta, has a V-neck, three-quarter sleeves, side slits","CottonMachine-wash"
"kurtas/anouk/anouk-women-brown--red-printed-a-line-kurta/2323270/buy","Brown and red printed A-line Angrakha kurta, has a V-neck, three-quarter sleeves, flared hem, no slits","Cotton  Hand-wash"
"kurtas/anouk/anouk-blue-printed-a-line-kurta/1680926/buy","Blue A-line kurta, has a round neck with a short button placket, three-quarter sleeves, a flap pocket, high-low hem","100% cotton Machine-wash"
"kurtas/anouk/anouk-women-black-embroidered-a-line-kurta/2011657/buy","Black embroidered anarkali kurta, has a mandarin collar, three-quarter sleeves, flared hem, front slit","Polyester Machine-wash"
"kurtas/anouk/anouk-women-blue-embroidered-a-line-kurta/2011660/buy","Blue embroidered A-line kurta, has a mandarin collar, three-quarter sleeves, flared hem, front slit","Polyester Machine-wash"
"kurtas/anouk/anouk-women-green-embroidered-straight-kurta/1714357/buy","Green woven straight kurta with embroidered detail, has a round neck, three-quarter sleeves, straight hem, side slits","Polyester blendHand-wash"
"kurtas/anouk/anouk-women-black-woven-design-a-line-kurta/1999976/buy","Black woven design A-line kurta, has a round neck, short sleeves, straight hem, side slits","100% cotton  Hand-wash"
"kurtas/anouk/anouk-women-black-printed-a-line-kurta/1998004/buy","Black printed A-line kurta, has a mandarin collar, short sleeves, straight hem, no slits","Polyester  Machine-wash"
"kurtas/anouk/anouk-women-blue-printed-a-line-kurta/1685297/buy","Blue printed kurta, has a boat neck, three-quarter sleeves, high-low hem","Polyester  Machine-wash"
"kurtas/anouk/anouk-women-orange-printed-a-line-kurta/1750278/buy","Orange printed A-Line kurta, has a mandarin collar, short sleeves, asymmetric hem","100% cotton  Machine-wash"
"kurtas/anouk/anouk-women-yellow-printed-straight-kurta/1885396/buy","Yellow printed straight kurta, has a round neck, three-quarter sleeves, high-low hem,side slits","100% cotton Hand-wash"
"kurtas/anouk/anouk-women-black--off-white-printed-straight-kurta/1707760/buy","Black and off-white printed straight kurta, has a mandarin collar, three-quarter sleeves, button placket, high-low hem","Rayon Hand-wash"
"kurtas/anouk/anouk-blue-printed-a-line-kurta/1681328/buy","Blue printed A-line kurta, has a mandarin collar with hook-and-eye closures, three-quarter sleeves, multiple slits, straight hem","100% cotton Machine-wash"
"kurtas/anouk/anouk-women-mustard-yellow-printed-straight-kurta/1860328/buy","Mustard yellow printed straight kurta, has a round neck, short extended sleeves, straight hem, no slits","100% polyester Machine-wash"
"kurtas/anouk/anouk-women-black-printed-straight-kurta/1999970/buy","Black printed straight kurta, has a V-neck, three-quarter sleeves, straight hem, side slits","Cotton  Hand-wash"
"kurtas/anouk/anouk-women-blue--off-white-printed-straight-kurta/2012161/buy","Blue and off-white printed straight kurta, has a round neck, short sleeves, straight hem, no slits","Polyester  Machine-wash"
"kurtas/anouk/anouk-women-magenta-solid-straight-kurta/1997997/buy","Magenta solid straight kurta, has a round neck with a button detailing, three-quarter sleeves, straight hem, side slits","Polyester Hand-wash"
"kurtas/anouk/anouk-women-black--red-solid-a-line-kurta/2140520/buy","Black and red solid A-line kurta, has a mandarin collar, three-quarter sleeves, flared hem","60% cotton, 40% viscoseMachine-wash"
"kurtas/anouk/anouk-women-red-printed-a-line-kurta/1999967/buy","Red printed A-line kurta, has a round neck, sleeveless, straight hem, side slits","100% cotton  Hand-wash"
"kurtas/anouk/anouk-women-black--off-white-printed-a-line-kurta/1705030/buy","Black and off-white A-line kurta, has a shirt collar, a full button placket, three-quarter sleeves, a patch pocket, high-low hem","100% polyester Hand-wash"
"kurtas/anouk/anouk-women-red-printed-a-line-kurta/1999983/buy","Red printed A-line kurta, has a round neck, short sleeves, straight hem, side slits","100% cotton  Hand-wash"
"kurtas/anouk/anouk-women-blue-yoke-design-a-line-kurta/1770975/buy","Blue printed kurta, has a mandarin collar, three-quarter sleeves, high-low hem","Polyester  Machine-wash"
"kurtas/anouk/anouk-women-olive-green-printed-a-line-kurta/2135034/buy","Olive green printed A-line kurta, has a mandarin collar, three-quarter sleeves, straight hem, side slits","PolyesterHand-wash"
"kurtas/anouk/anouk-women-brown-printed-a-line-kurta/2135035/buy","Brown printed A-line kurta, has a mandarin collar, three-quarter sleeves, straight hem, side slits","100% polyesterHand-wash"
"kurtas/anouk/anouk-women-blue-solid-high-low--kurta/1846842/buy","Blue solid straight kurta, has a round neck, three-quarter sleeves, high-low hem, no slits","Viscose  Hand-wash"
"kurtas/anouk/anouk-women-yellow--maroon-striped-a-line-kurta/1714334/buy","Yellow and maroon striped A-line kurta, has a mandarin collar, three-quarter sleeves, straight hem, side slits","100% cottonHand-wash"
"kurtas/anouk/anouk-women-pink-embroidered-a-line-kurta/1714358/buy","Pink woven A-line kurta with embroidered detail, has a round neck, three-quarter sleeves, straight hem, side slits","Polyester blendHand-wash"
"kurtas/anouk/anouk-women-pink-checked-a-line-kurta/2323212/buy","Pink checked A-line kurta, has a round neck, long sleeves, flared hem, no slits","Cotton  Hand-wash"
"kurtas/anouk/anouk-women-green--grey-colourblock-a-line-kurta/1708167/buy","Green and black colourblock A-line kurta, has a round neck, sleeveless, slits on the front and sides","100% cottonMachine-wash"
"kurtas/anouk/anouk-women-black-printed-straight-kurta/1999974/buy","Black printed straight kurta, has a mandarin collar, three-quarter sleeves, straight hem, side slits","Cotton  Hand-wash"
"kurtas/anouk/anouk-women-blue--off-white-printed-straight-kurta/1681389/buy","Blue and off-white printed straight kurta, has a round neck with short button placket, sleeveless, straight hem","100% polyester Machine-wash"
"kurtas/anouk/anouk-women-pink--white-printed-a-line-kurta/2323198/buy","Pink and white printed A-line kurta, has a round neck, long sleeves, slightly flared hem, no slits","Cotton Hand-wash"
"kurtas/anouk/anouk-women-blue-printed-a-line-kurta/2323213/buy","Blue printed A-line kurta, has a round neck, three-quarter sleeves, straight hem","100% cottonHand-wash"
"kurtas/anouk/anouk-women-pink-solid-a-line-kurta/2323208/buy","Pink solid A-line kurta, has a shirt collar, short sleeves, curved hem, front slit","Cotton Hand-wash"
"kurtas/anouk/anouk-women-black-printed-straight-kurta/1999982/buy","Black printed straight kurta, has a V-neck, three-quarter sleeves, straight hem, side slits","Cotton  Hand-wash"
"kurtas/anouk/anouk-women-navy--white-printed-a-line-kurta/1714342/buy","Navy blue and white printed A-line kurta, has a mandarin collar with and embroidered applique detail, three-quarter sleeves, flared hem","Polyester blendHand-wash"
"kurtas/anouk/anouk-women-blue--white-checked-a-line-kurta/2323211/buy","Blue and white checked A-line kurta, has a round neck, three-quarter sleeves, flared hem, no slits","Cotton Hand-wash"
"kurtas/anouk/anouk-women-beige-solid-straight-kurta/2021322/buy","Beige solid straight kurta, has a round neck, three-quarter sleeves, straight hem, multiple slits","Polyester  Machine-wash"
"kurtas/anouk/anouk-women-orange--white-printed-a-line-kurta/1685304/buy","Orange and white printed A-line kurta, has a round neck, sleeveless, curved hem, no slits","100% polyester Machine-wash"
"kurtas/anouk/anouk-women-navy-printed-a-line-kurta/1548519/buy","Navy blue printed A-line kurta, has a shirt collar, a full button placket, three-quarter sleeves, asymmetric hem","100% cotton Machine-wash"
"kurtas/anouk/anouk-women-white--blue-printed-straight-kurta/1685288/buy","White and blue printed Straight kurta, has a round neck, three-quarter sleeves, straight hem","Polyester  Machine-wash"
"kurtas/anouk/anouk-women-green--black-printed-kurta/1681390/buy","Green and black printed kurta, has a notched round neck, three-quarter sleeve, side slits, solid back","100% polyester Machine-wash"
"kurtas/anouk/anouk-blue--white-printed-a-line-kurta/1685281/buy","Blue and white printed A-line kurta, has a mandarin collar, sleeveless, straight hem","100% polyester Machine-wash"
"kurtas/anouk/anouk-women-blue--white-striped-a-line-kurta/2323197/buy","Blue and white striped A-line fusion kurta, has a round neck, long flared sleeves, slightly flared hem, no slits","Cotton  Hand-wash"
"kurtas/anouk/anouk-women-white--blue-printed-straight-kurta/1685302/buy","White and blue A-line kurta, has a v-neck, three-quarter sleeves, straight hem, side slits","100% polyesterMachine-wash"
"kurtas/anouk/anouk-women-red-solid-a-line-kurta/1997993/buy","Red solid A-line kurta, has a mandarin collar, three-quarter sleeves, curved hem, no slits","Polyester  Hand-wash"
"kurtas/anouk/anouk-women-teal-blue-solid-a-line-kurta/1414189/buy","Teal blue solid A-line kurta, has a mandarin collar, three-quarter sleeves, a pocket,&nbsp;straight hem","100% viscose  Hand-wash"
"kurtas/anouk/anouk-women-navy-blue-printed-straight-kurta/1556682/buy","Navy blue printed straight kurta, has a round neck, three-quarter sleeves, straight vented hem","100% polyester Hand-wash"
"kurtas/anouk/anouk-women-orange-a-line-kurta/1427173/buy","Orange A-line kurta, has a round neck, three-quarter sleeves with roll-up tabs, a mock button placket,&nbsp;front slit","Cotton Hand-wash"
"kurtas/anouk/anouk-women-red--black-striped-straight-kurta/1714339/buy","Red and black striped straight kurta with embroidered detail, has a mandarin collar, three-quarter sleeves with button-and-tab detail, straight hem, side slits","Polyester blendHand-wash"
"kurtas/anouk/anouk-blue-printed-straight-kurta/1683269/buy","Blue printed straight kurta, has a mandarin collar, three-quarter sleeves, straight hem","100% polyester Machine-wash"
"kurtas/anouk/anouk-women-red-yoke-design-straight-kurta/1999977/buy","Red yoke design straight kurta, has a round neck, short sleeves, straight hem, multiple slits","100% cotton  Machine-wash"
"kurtas/anouk/anouk-women-red--white-printed-straight-kurta/1548313/buy","Red and white&nbsp;printed straight kurta, has a round neck, three-quarter sleeves, slits on the front and sides","100% cotton  Hand-wash"
"kurtas/anouk/anouk-women-orange-printed-straight-kurta/1750274/buy","Orange printed straight kurta, has a round neck, short sleeves, straight hem, front slit","Cotton  Machine-wash"
"kurtas/anouk/anouk-women-black-printed-straight-kurta/1536980/buy","Black printed straight kurta, has a shirt collar, three quarter sleeve, straight hem","Rayon  Hand-wash"
"kurtas/anouk/anouk-women-blue-embroidered-a-line-kurta/1714355/buy","Blue woven A-line kurta with embroidered detail, has a round neck, three-quarter sleeves, straight hem, side slits","Polyester Hand-wash"
"kurtas/anouk/anouk-women-beige-printed-a-line-kurta/1497878/buy","Beige printed A-line kurta, has a round neck, three-quarter sleeves, straight vented hem","100% polyesterHand-wash"
"kurtas/anouk/anouk-women-black--red-printed-straight-kurta/1679921/buy","Black and red printed straight kurta, has a mandarin collar, three-quarter sleeves, straight hem","100% polyester  Machine-wash"
"kurtas/anouk/anouk-women-yellow-a-line-kurta/1775972/buy","Yellow kurta, has a keyhole neck with a tie-up deatiling, three-quarter sleeves, flared hem","100% polyester  Machine-wash"
"kurtas/anouk/anouk-pink-solid-a-line-kurta/1775971/buy","Pink kurta, has a keyhole neck with a tie-up detail, three-quarter sleeves, curved hem","100% polyester Machine-wash"
"kurtas/anouk/anouk-women-pink--green-printed-sheer-cold-shoulder-kaftan-kurta/1705899/buy","Pink and green printed sheer kaftan kurta, has a V-neck, three-quarter sleeves with a slit, dipped hem","100% polyester Hand-wash"
"kurtas/anouk/anouk-women-orange-solid-a-line-kurta/1846841/buy","Orange solid A-line kurta, has a round neck, three-quarter sleeves, high-low hem, no slits","Viscose blend  Hand-wash"
"kurtas/anouk/anouk-brown-printed-kurta/1385338/buy","Brown printed kurta with gotta detailing, has a round neck,&nbsp;three-quarter sleeves, and side slits","100% cottonMachine-wash cold"
"kurtas/anouk/anouk-women-off-white--red-printed-a-line-kurta/1679926/buy","Off-white and red printed A-line kurta with multiple slits, has a round neck, three-quarter sleeves, curved hem","100% polyester  Machine-wash"
"kurtas/anouk/anouk-women-pink--yellow-printed-a-line-kurta/1770970/buy","Pink and yellow printed kurta, has a mandarin collar, short sleeves, asymmetric hem","100% polyester Machine-wash"
"kurtas/anouk/anouk-women-green-solid-a-line-kurta/1775943/buy","Green kurta, has a V-neck, sleeveless, a printed panel, pom-pom trim along the hem","Polyester  Machine-wash"
"kurtas/anouk/anouk-women-orange--yellow-printed-straight-kurta/1750292/buy","Orange and yellow printed Straight kurta, has a round neck, short sleeves, curved hem","100% cotton  Machine-wash"
"kurtas/anouk/anouk-women-beige--rust-red-printed-a-line-kurta/1732630/buy","Beige and rust red printed A-line kurta, has a mandarin collar, three-quarter sleeves with roll-up tab feature, silts on th front, flared hem","100% cotton Hand-wash"
"kurtas/anouk/anouk-women-blue--white-printed-a-line-kurta/1926702/buy","Blue and white printed A-line kurta, has a V-neck, three-quarter sleeves, straight hem","Cotton  Machine-wash"
"kurtas/anouk/anouk-women-navy-solid-straight-kurta/1848971/buy","Navy blue solid straight kurta, has a round neck, three-quarter sleeves, straight hem, side slits","Cotton Machine-wash"
"kurtas/anouk/anouk-women-cream-coloured-printed-straight-kurta/1999992/buy","Cream-coloured printed straight kurta, has a mandarin collar, three-quarter sleeves, straight hem, side slits","100% cotton  Machine-wash"
"kurtas/anouk/anouk-women-red--beige-printed-straight-kurta/1999969/buy","Red and beige printed straight kurta, has a mandarin collar, three-quarter sleeves, curved hem, side slits","Cotton  Machine-wash"
"kurtas/anouk/anouk-women-mustard-printed-straight-kurta/1436540/buy","Mustard printed straight kurta, has a round neck, three quarter sleeve, straight hem","Viscose  Hand-wash"
"kurtas/anouk/anouk-women-navy-woven-design-kurta/1556709/buy","Navy blue woven design kurta with a front slit, has a boat neck, long sleeves, solid back","100% polyester  Hand-wash"
"kurtas/anouk/anouk-women-black-printed-straight-kurta/1495368/buy","Black printed straight kurta, has a round neck, three-quarter sleeves with roll-up tab features, straight hemComes with a lining","100% polyesterHand-wash"
"kurtas/anouk/anouk-women-blue-solid-a-line-chambray-kurta/1680884/buy","Blue solid A-line kurta, has a round neck, short sleeves, high-low hem","100% cotton  Machine-wash"
"kurtas/anouk/anouk-women-black-printed-straight-kurta/1556684/buy","Black printed straight kurta, has a round neck, three-quarter sleeves, straight vented hem","100% polyester Hand-wash"
"kurtas/anouk/anouk-women-off-white--pink-floral-print-a-line-kurta/1705014/buy","Off-white and pink floral print A-line kurta, has a notched round neck, three-quarter sleeves, side slits, an attached lining","Shell: 100% polyesterLining: 100% cottonHand-wash"
"kurtas/anouk/anouk-women-black--white-printed-straight-kurta/1446649/buy","Black and white printed straight kurta, has a shirt collar, a full button placket,&nbsp;three-quarter sleeves, straight hem","100% rayon  Hand-wash"
"kurtas/anouk/anouk-women-navy-printed-a-line-kurta/1548314/buy","Navy blue printed a-line kurta, has a round neck, three quarter sleeve, high-low hem","Cotton  Hand-wash"
"kurtas/anouk/anouk-women-teal-blue-solid-kurta/1705225/buy","Teal green solid kurta, has a mandarin collar, short sleeves, high-low hem, side slits","100% cotton Hand-wash"
"kurtas/anouk/anouk-women-yellow--pink-striped-a-line-kurta/1714335/buy","Yellow and pink woven A-line kurta, has a mandarin collar, three-quarter sleeves, straight hem, side slits","Polyester Hand-wash"
"kurtas/anouk/anouk-women-black-printed-a-line-kurta/1679923/buy","Black printed A-line kurta, has a round neck, three-quarter sleeves, asymmetric hem","100% polyester  Machine-wash"
